age,credit_score,email,distance_to_store,online_visits,online_trans,online_spend,store_trans,store_spend,sat_service,sat_selection
33.72901996730233,655.8184206376699,yes,6.519182149574635,0,0,0.0,0,0.0,3.0,3.0
47.124396421975575,811.1632991589252,no,1.9892738695052399,6,2,36.29772547344199,4,72.73097401831399,3.0,4.0
30.69094129366818,677.1124514582909,yes,12.533381183430429,87,18,333.4312158348947,0,0.0,3.0,2.0
26.367213232316548,724.3400405392883,yes,8.626641411863751,0,0,0.0,0,0.0,2.0,2.0
35.28941058477862,746.3429347094333,yes,36.025527977294644,0,0,0.0,0,0.0,3.0,3.0
37.93392097018915,805.4459384772221,no,4.574756437297555,8,3,61.437415386612166,1,39.96949620239191,,
33.637197825916964,731.0846675239778,yes,2.384723326407452,10,3,64.72939013281427,4,149.01175620062125,3.0,2.0
32.7129304186097,687.5352631966447,yes,39.56198047648875,3,0,0.0,0,0.0,,
41.56124681832355,730.7494752851956,yes,4.631171571613189,48,14,242.15818018537823,5,209.10186479609507,3.0,1.0
30.99674412651978,730.2650235857382,yes,1.9664651742876895,0,0,0.0,0,0.0,3.0,2.0
35.3218510572046,784.1947525959424,yes,3.6748119765374847,0,0,0.0,1,22.2018992931422,,
29.17097789479441,617.2203957697149,no,10.396198625108374,5,1,18.39458379873556,2,47.69519352113675,3.0,2.0
40.611402349618295,768.6514348468495,yes,2.4238630069604166,7,3,70.74536347694452,1,18.619366715285384,,
31.650634833493925,727.0953542567527,yes,7.9213230940230925,0,0,0.0,2,60.189137942311845,,
43.39404686345959,698.5172408411603,yes,16.219874650091825,0,0,0.0,2,97.68632506884371,,
39.02734940328919,815.6922039700809,yes,5.7613950056367935,1,0,0.0,2,52.460445750539165,3.0,2.0
30.584718294573868,793.8319241573471,yes,5.059867060390424,0,0,0.0,1,34.87436220081635,4.0,4.0
28.63737508923602,744.7047735560384,yes,48.51416536245993,42,13,313.1789603240855,0,0.0,2.0,3.0
32.13363784331643,667.9823445195248,yes,40.5383973369279,0,0,0.0,0,0.0,3.0,2.0
31.348234419765625,845.08166809091,yes,22.261359832723524,0,0,0.0,3,162.53187136901596,,
34.561963553746416,776.8142718855892,no,3.0099474355769247,0,0,0.0,1,42.609942688364555,1.0,1.0
33.94817362792928,772.1551896388888,yes,15.548885229198127,58,18,332.18628303179304,6,158.88606414243768,,
32.19725418986092,706.7711965531832,yes,12.062086942828762,85,29,569.204241571923,0,0.0,,
37.03281094036224,736.1164243390722,no,4.262556966740464,0,0,0.0,1,24.31201233109078,,
26.988995867436945,664.8151300494836,no,18.74738388851075,10,3,59.32138270106883,1,31.086051346512477,3.0,3.0
35.71905845970397,760.6766593697047,no,31.168997192754606,37,14,273.4299827210151,0,0.0,,
35.53332163500285,688.8514359930994,yes,8.156211827418948,32,9,167.7000082595295,0,0.0,,
38.645883803595154,713.0075883205502,yes,10.367764106288956,0,0,0.0,0,0.0,4.0,3.0
34.605391989564524,739.6344931858223,yes,4.720171263456381,1,0,0.0,1,28.359535088672757,,
38.14585885966557,787.9233220723557,yes,2.6340320568978064,23,5,106.4961730833569,0,0.0,,
37.54801468500102,794.2239049965737,no,13.877473712871584,10,4,89.58045428344008,1,47.099015714464315,4.0,3.0
43.88351195945241,746.2732123602606,yes,39.067139852143974,10,3,62.8214138505181,0,0.0,4.0,4.0
32.05602014140888,718.5538080593685,yes,4.873559664225481,30,10,205.52014210831928,3,89.3812886246832,2.0,3.0
45.78672101211323,723.3380045238434,yes,7.582065021233214,0,0,0.0,0,0.0,3.0,2.0
36.91362498444643,745.8444079160957,yes,1.454997331579114,53,19,408.891542953679,5,167.699097226591,,
33.353798343071524,614.8142562229586,yes,8.629645020325135,15,5,101.17478024824484,0,0.0,,
44.27976464858791,789.7764337044393,yes,1.5087058254496355,0,0,0.0,2,65.32964901756691,,
30.97737826330203,698.0667389711266,yes,66.56344062196102,3,0,0.0,0,0.0,,
29.941207411813544,656.4888966026349,yes,5.958732266765022,4,1,19.01814603280586,3,128.33656477911055,3.0,3.0
38.294946016596796,764.4939927438774,no,0.19267713791722668,5,4,75.23925896027903,8,220.33772296963377,2.0,2.0
35.133153224918374,722.7154729457142,yes,5.358006373545159,44,14,235.38237340520547,2,110.9053328777384,,
28.10136593282332,709.9238986974125,yes,1.4846909935593036,31,9,140.21947867878745,9,189.82061896982765,,
32.26254883060871,799.973117296142,no,1.3042048997384388,72,28,554.6386374821143,3,80.58504034002078,2.0,2.0
46.104105616263666,783.5783449497108,yes,6.139794554751811,1,0,0.0,0,0.0,4.0,4.0
36.22404695671193,770.7373244541056,yes,3.812731313577305,10,1,20.36971041636708,2,128.62007068175024,4.0,1.0
26.47871640653518,597.7902237213353,yes,2.3840902244077777,58,20,404.1063971212216,2,46.52800279182167,,
29.364099113337943,604.3259930370527,no,25.262047855559832,3,2,33.71032146974989,0,0.0,4.0,2.0
35.1890595206013,747.4000136720064,no,0.5297659637614845,0,0,0.0,14,611.5790444132357,2.0,1.0
35.30487946357373,771.9523239394396,yes,8.710020629215851,0,0,0.0,1,22.306195495865694,3.0,1.0
35.09359258367091,733.77259794976,yes,27.534496491018118,126,39,706.8116259136593,1,30.842526069037753,3.0,3.0
35.59821861918588,809.1539872990646,yes,3.0177207184625714,0,0,0.0,1,29.497869844105328,3.0,4.0
27.106596572997525,677.4788903416683,yes,1.595431634323918,160,44,907.6781628271164,2,55.050124312132496,3.0,1.0
40.88625131210331,712.0959198613408,yes,5.645471499602006,22,6,124.70573115628358,1,33.29887996834175,3.0,3.0
30.528259992464832,759.0682692966001,yes,1.4662228432865216,152,40,916.7924607278234,2,90.38509688627087,3.0,1.0
33.236299558316205,695.3178710755969,yes,2.8205600263520663,19,6,128.1764499377632,1,22.359020451073143,,
35.22052018833817,701.6424090380373,yes,4.349750295505505,16,8,172.20361066569072,0,0.0,4.0,4.0
31.637476361567167,699.2342227424879,yes,11.116498611352894,18,5,90.53967111142683,2,68.82826305269884,2.0,3.0
30.413179911394167,674.579893325634,yes,2.246511720227933,0,0,0.0,2,79.51522652901542,,
36.506311150410255,801.000453277114,yes,1.6219292235451543,10,1,19.881302142637434,1,42.891963153072275,3.0,3.0
34.447585629124,666.550310389169,yes,9.86286695271753,30,4,76.25392299022161,1,22.746143319869695,,
33.122389139447485,752.5172423102297,yes,8.461520575879165,9,2,42.149280799608455,0,0.0,,
44.48312541779009,731.3072576806359,yes,16.66313104205802,1,0,0.0,0,0.0,4.0,4.0
31.908109075129254,677.9970294963645,yes,8.012427518057361,0,0,0.0,0,0.0,4.0,3.0
37.13801858291077,712.2886173954266,no,1.7129405643017994,2,2,36.66081690125447,0,0.0,,
24.223704630583967,646.7506740690618,yes,5.1756126028058285,51,19,321.56836277204616,2,71.47991216536941,3.0,3.0
35.78855802249523,709.4784914183813,no,4.477164093936315,45,18,338.0999274471143,2,66.05933834324496,5.0,5.0
33.24862363814176,675.265861487133,yes,1.5913891168080407,2,0,0.0,0,0.0,,
24.768379629499055,710.7672052031335,no,23.336807847413088,13,3,55.07329676924857,1,34.33564286994703,2.0,1.0
31.115862825548582,709.4813444383558,yes,4.232969555736302,0,0,0.0,2,39.09870011564944,3.0,4.0
37.221062555516404,727.5757773066259,yes,2.6562316148815905,14,3,56.100417023449666,1,15.517651037363875,2.0,2.0
30.70018995401304,754.3903160928347,yes,2.579447826078197,2,0,0.0,2,38.78489451224275,2.0,2.0
24.01716160647632,789.310421602895,yes,4.7542424295063315,5,1,21.254288693357207,0,0.0,4.0,2.0
32.20219883018576,681.8427374600964,yes,14.114513082159942,74,27,479.75339462009146,0,0.0,3.0,3.0
34.32905177201279,761.8907656149731,yes,3.1696848371325794,0,0,0.0,0,0.0,,
36.76280297487513,681.6462341524075,no,11.389792467411118,6,2,39.63942122643666,1,45.908562431340094,4.0,3.0
40.9434938653141,768.9141410629276,yes,40.12901596095232,75,29,522.0164951108933,1,42.87387510605253,3.0,1.0
31.792689381008895,723.1955028904805,no,3.8648438923912334,10,6,118.39198338156,0,0.0,4.0,4.0
31.525251250893717,720.3695365238876,yes,10.462392209441145,5,1,22.44896598251085,0,0.0,4.0,3.0
38.84953377013328,745.3881956496492,yes,6.926029342004404,0,0,0.0,1,20.914687883645147,3.0,3.0
37.63754189276454,712.4545639953839,yes,3.3345686802983296,24,4,86.01711360088981,0,0.0,,
33.83994252493787,745.7036820455792,yes,11.304351436679422,259,73,1603.1432118920857,0,0.0,3.0,3.0
31.58953412321224,663.1169178574274,yes,1.965537042448333,31,10,197.31447931605572,3,179.64996085887745,,
32.45913826295467,664.6417772708434,yes,34.08858756940135,127,32,577.6192300969021,2,44.01090998831585,,
34.7871368480548,744.9492317310827,yes,21.830009385368182,72,22,420.57720202128183,4,89.75157382038239,3.0,2.0
47.95074169444068,875.5786099772163,yes,4.731910762789528,0,0,0.0,4,182.6990027742009,2.0,2.0
37.956254183742224,781.2111927430218,no,62.28651988113715,1,1,20.04105496935489,1,23.34667193841011,4.0,3.0
40.80382705259839,732.734485120377,no,9.562671967778913,17,5,90.51841647417491,1,38.19421823996039,,
36.026508930992186,761.2230304843829,yes,0.47293185039736046,92,31,666.4123786244379,9,161.71088532559764,,
30.5122626479761,675.9819029679306,yes,4.027245935460859,33,7,143.33031611378846,2,65.14199026601369,2.0,2.0
30.738724199975636,725.2714287206031,yes,1.2453629950512881,10,2,37.97650194530657,5,230.84358348583964,4.0,4.0
31.1767541023414,692.0823380548604,yes,3.4164810163083414,16,5,93.5039774130899,4,116.65963190294602,,
36.84877672932662,778.2073577837173,yes,4.668353454157033,0,0,0.0,2,64.38074705667879,3.0,2.0
41.10704093542199,773.3829464554507,yes,2.747556536734501,6,1,19.69283700378084,0,0.0,,
31.386629916566417,743.1043781391581,yes,81.10577750863025,6,5,110.84297610601473,1,38.571371437402,5.0,3.0
37.092351103594446,686.3068157754888,yes,29.37520830144356,191,57,1138.8116601681254,0,0.0,4.0,3.0
34.484251993228085,741.8592154216932,no,6.266288019672942,14,3,67.71257905384363,0,0.0,3.0,2.0
40.40498942310655,748.1711552114264,yes,23.064583038781404,4,0,0.0,0,0.0,4.0,3.0
32.97890006392443,703.6695684542276,yes,9.676099302705053,8,2,37.34363209700301,2,51.167068523228465,,
35.109868383786726,738.5406610601668,no,2.484753233962631,56,10,220.0516457956047,1,27.21366676680737,,
39.38232652598364,739.0118758564754,no,1.5772925529562905,0,0,0.0,3,80.84402560388584,4.0,2.0
32.21954683432217,773.0367322565586,yes,8.937506517011157,2,1,19.59967914403657,2,38.274959384084575,3.0,2.0
41.71986840258873,753.6762836553721,no,7.086453533335094,44,16,354.28881938209395,0,0.0,5.0,2.0
31.917666506355037,735.4023630107636,yes,1.8881069560077717,6,3,61.995756987063515,5,100.93613624351647,,
38.21067158181893,753.669787676646,no,17.63797505526864,2,2,35.838302033466455,0,0.0,,
41.92449057901899,743.9602461725067,yes,3.2483215051364738,5,3,73.06953375714998,1,9.555417717255219,3.0,1.0
32.84995734492894,764.6662948838117,no,49.89208438330765,31,8,156.34177535013916,0,0.0,,
34.390194479135154,820.0043297063331,yes,54.12015241482942,37,11,241.33068202719835,0,0.0,4.0,3.0
31.616872686405294,699.8308443279481,yes,2.5569016784699166,0,0,0.0,1,33.98559371045552,3.0,3.0
36.091884133848986,685.5529829600151,no,7.99433807598591,12,3,64.20286397385496,0,0.0,,
32.78985665428176,715.4758908058974,yes,20.858181637369224,1,0,0.0,1,19.437147664699946,3.0,3.0
29.63514129180778,750.8421500296149,yes,20.13903158783298,1,0,0.0,0,0.0,4.0,4.0
37.722658572263875,729.4139985025894,yes,2.2967914660100903,0,0,0.0,4,233.90486202399572,,
36.887885097087796,773.1838753355224,yes,3.428208642560924,0,0,0.0,3,87.44190793807567,4.0,2.0
40.85555755333191,725.0355212895006,yes,8.224345838962574,25,9,152.28660638716673,3,86.98314706137684,3.0,1.0
27.383776654665247,668.3342165639931,yes,112.40730446170149,1,0,0.0,0,0.0,4.0,3.0
33.219138507666905,762.4787751657727,yes,0.5738722051015064,39,11,212.79260824377542,6,148.06836335732248,,
40.625189722423926,788.0877310644385,yes,2.2047105382036287,84,24,513.5046516746095,2,96.17914583696862,,
41.11820796177237,733.0295438612061,yes,2.5260918960377134,7,0,0.0,2,116.15088157045734,,
33.73422362264953,644.5235363721094,yes,20.930666831512298,93,26,464.39749049613465,1,24.05605232955027,,
34.45965147354816,832.9902125655951,yes,0.5432626665910132,28,12,241.32342545742307,6,151.9374079098646,4.0,3.0
22.13968119585775,616.206114577894,no,4.371764817898903,23,6,109.87030775901258,1,42.27486877458364,2.0,1.0
39.37387508857332,720.3824253799213,no,4.2858827193154205,33,8,156.01466345013995,3,144.66696050414075,3.0,2.0
31.494119146053748,648.4951720399049,yes,3.309582860446998,32,9,177.91470598969028,2,134.0662270201259,,
32.0140567173029,572.4680438676583,no,3.6625929546796856,1,1,21.371888368664166,0,0.0,4.0,4.0
33.10499616241873,628.0914676354726,yes,9.461730051029313,42,13,276.32906074384863,0,0.0,1.0,2.0
33.23266120236801,782.2870325805576,yes,11.664472980950789,57,15,296.9046981009091,0,0.0,3.0,3.0
26.985999175072365,757.8762016771107,yes,19.874054976705324,6,1,20.869607397760667,0,0.0,3.0,1.0
40.32633178674748,793.0923150494973,yes,7.455640751090633,3,1,19.93527375428388,1,30.672337598955803,,
31.713788170071624,650.6675765656734,yes,5.576571505741553,0,0,0.0,0,0.0,,
40.15900763888289,829.5852518916436,yes,11.561147508986128,7,2,48.072554589124366,2,68.9543506936398,4.0,4.0
30.175160210805476,745.8021844481344,yes,9.116414920223708,19,9,182.47839324288913,0,0.0,,
30.10247726485452,729.7468402162335,yes,2.0433353733687114,2,1,19.60356307181594,3,61.619950477606224,3.0,3.0
39.88716949476548,747.1147267216813,yes,30.725219070528233,3,1,22.19369030496216,0,0.0,2.0,1.0
36.17337584197667,689.0006249708318,yes,12.92514058733095,0,0,0.0,0,0.0,2.0,2.0
34.330862370293886,650.8041941862634,no,2.416705494527135,5,2,44.303996083183115,4,155.9826565315922,,
37.41489022482205,694.6887066000742,no,6.951707751075504,9,4,100.98660097994365,0,0.0,2.0,2.0
30.091178194576546,689.62675809405,yes,7.0532498408418896,0,0,0.0,2,73.07285181614115,,
39.15826252277294,712.405520900727,yes,2.664840536330188,38,14,217.0636064844447,1,29.88021998964174,4.0,4.0
33.230970136056236,673.7114919483549,yes,0.44431784717874157,84,21,506.4131571227916,2,30.67003535965815,,
37.11977321179164,676.997167825558,yes,8.275348777675267,0,0,0.0,1,57.74071089289216,,
40.771225521331075,639.4947134905186,yes,31.434828583603302,2,2,43.076038537989724,0,0.0,,
39.04151496858971,768.4832967895316,yes,2.4845053794457574,0,0,0.0,1,28.960779166552616,3.0,3.0
30.64533733383423,688.0144364857255,yes,7.70991986394218,3,0,0.0,0,0.0,4.0,3.0
31.434495955164834,651.8158647645214,yes,29.708555555811177,8,1,19.192330673499946,3,78.53362955508905,,
35.3087176627188,680.9868783945038,yes,9.519105849715688,1,0,0.0,1,31.89629759686118,2.0,1.0
43.66450738848688,738.704494077576,yes,3.664740665924221,99,34,566.7854862823647,0,0.0,,
29.05364335674795,739.0929827051806,yes,7.321702234612337,2,0,0.0,3,68.79732440569488,,
40.6518664504277,763.7005862133511,yes,8.618962090556806,8,2,32.523477633850675,1,35.24371444378636,,
30.868084725176487,625.6074834339249,no,4.918204564477732,13,2,30.958677781750566,2,77.40230551021617,,
43.34735272993394,794.9684206261629,no,0.4617980253610164,0,0,0.0,12,489.00315282810425,3.0,3.0
35.03875233847565,753.1197277380132,yes,14.04797698882575,0,0,0.0,1,46.42766686462347,4.0,1.0
24.075557661248112,612.6656366050063,yes,6.554680206271913,24,14,291.16051640731797,1,25.043872794422654,,
32.47720137658633,783.0697947118709,no,5.690289797804846,0,0,0.0,3,197.95351953194043,,
37.51268558699097,665.9797418314089,no,3.3739949594658287,0,0,0.0,5,252.19679569145742,2.0,1.0
33.44829154341254,709.0651618802922,yes,8.154502489200622,46,14,312.21673110689414,2,36.280214578073256,4.0,1.0
36.786853956194065,793.1560320252989,yes,6.196132550415468,0,0,0.0,1,39.173340156601384,3.0,2.0
40.13907222525434,743.3509077776639,yes,12.935926202966264,0,0,0.0,1,40.24265076739502,,
24.596963746814808,679.4064620451991,no,5.868060603920426,3,2,32.85509476175284,1,55.3003346404756,3.0,1.0
41.38437617468258,748.1602864939337,yes,9.453795394988468,4,0,0.0,4,150.29869809696248,,
39.04212335637248,852.4505080055266,no,5.686872055040217,6,1,20.885218572512954,0,0.0,2.0,1.0
33.58462257207514,752.1130764737643,yes,103.37757921603453,29,11,208.0849885850189,1,25.99198932723695,4.0,3.0
43.644758336397565,722.5317554673335,yes,3.1759313554961435,16,4,91.40146909085105,3,54.7368955266799,2.0,2.0
30.138759877687118,669.7696136834838,yes,1.1394136416284315,12,5,88.0117891624254,4,131.01288365514927,3.0,3.0
35.90432560822638,667.2829585580688,yes,0.2523205062283235,5,1,18.367042118513517,7,248.10694676846384,4.0,3.0
40.35328031061411,655.9157654464558,yes,13.340125134615725,0,0,0.0,0,0.0,4.0,3.0
34.262092989770935,716.8519125603054,yes,5.487177067715812,78,20,416.6549656740866,1,52.21838760430274,,
37.865053986322614,781.4484495502387,no,1.611628641012286,0,0,0.0,4,217.7833842266989,3.0,3.0
30.326499600332426,711.1354202030086,yes,4.733882122649134,59,14,242.2232247243031,2,62.879794845978836,3.0,2.0
46.197389896642264,681.6174622717215,yes,1.325805037276481,0,0,0.0,1,52.355888207183554,,
31.402458994408256,711.7813702992723,yes,4.064696379100182,3,0,0.0,2,61.54548998245411,3.0,2.0
25.566277861615156,704.8310439930184,yes,20.03902976386286,28,6,116.10782738551919,0,0.0,2.0,2.0
35.357838786799775,677.9925636054095,yes,13.154018794055522,0,0,0.0,0,0.0,,
41.59162344294594,667.3236743118633,no,1.559190550596753,1,0,0.0,2,96.75203668809642,,
23.083082981929813,696.6552427836989,yes,20.00136092262393,0,0,0.0,2,115.76264366880898,4.0,4.0
41.35478795890774,791.978750341935,no,36.71985765208477,0,0,0.0,0,0.0,3.0,2.0
38.488933295834514,708.3928298008728,no,6.43232410080112,5,2,39.56287457102211,3,161.6413291947349,,
33.276975792875255,669.5911418777793,yes,13.39397673609562,0,0,0.0,1,44.85394600985078,3.0,2.0
39.70722118750724,764.1875105110655,yes,19.47991934211289,2,0,0.0,0,0.0,3.0,3.0
28.883796154095617,747.5703095979734,yes,21.593547737238605,102,36,768.9062598166013,1,59.112270742752514,,
36.6473930264263,702.6707350056553,yes,8.081929229894401,0,0,0.0,0,0.0,,
43.45314169346685,745.0499370812802,yes,4.357469445714046,1,0,0.0,1,24.06094096961597,,
34.404989395178255,756.636209721639,yes,16.515214375785852,3,1,21.608938051668186,0,0.0,3.0,2.0
33.31800547358781,806.1847396848434,yes,20.115712649720017,0,0,0.0,0,0.0,,
28.794782102947693,716.3716651901324,yes,2.6959726542677656,1,1,21.692525014074306,1,29.411865752682957,2.0,3.0
42.66755483412333,607.6303420248689,yes,2.8945641760060727,10,2,37.21142823785175,2,161.1342775036123,3.0,2.0
46.06079989364426,750.8607157815935,yes,7.456516495752553,1,0,0.0,1,35.62249843726416,3.0,2.0
40.29929600074739,750.7869222589478,yes,7.617676553620365,16,7,143.57635644082387,0,0.0,,
28.72308756004697,687.5439176663966,yes,4.756909895737155,164,58,1159.1224621897197,0,0.0,3.0,2.0
32.449788000038616,664.7414218738924,yes,17.268387287395758,34,11,228.23093412811974,1,69.62134498819259,3.0,1.0
24.984860987083408,601.5211590703549,yes,10.708854946614403,0,0,0.0,2,71.98053998405773,5.0,4.0
31.705179407983344,747.8025800318134,yes,261.81658996197234,31,8,154.42783751316674,0,0.0,3.0,1.0
42.72598011206309,802.7522852759516,yes,6.736497158461664,0,0,0.0,4,156.7953721799191,4.0,4.0
35.93329844198488,695.8004267842724,yes,11.993095636573834,25,5,100.16468805459985,0,0.0,3.0,2.0
27.389828948608614,725.2774472731934,yes,9.078880257815475,0,0,0.0,2,42.89860584493827,3.0,2.0
33.916892873323775,760.7583954191731,yes,9.14970867173364,14,7,139.21119499447178,2,37.69808844298601,3.0,4.0
37.446339435119555,659.11460149244,yes,1.2143139791206923,3,0,0.0,6,402.4867546174845,,
30.453556231668223,678.0210485634406,yes,34.41548724646279,0,0,0.0,1,19.711163054648384,5.0,3.0
35.853036601832635,743.1912847788916,yes,3.157059340747313,36,17,397.72094988243197,3,84.68095888769629,3.0,3.0
34.54148725870397,749.1111027732807,yes,2.3959731952415204,41,16,301.5362464379581,2,65.8253170044488,3.0,3.0
38.29902308768775,804.16587149344,yes,36.07847081054241,100,26,437.6245727888018,0,0.0,2.0,3.0
31.490598196190394,683.6549519014076,yes,6.612981185475066,41,11,222.94534760793312,1,45.986432371907384,4.0,4.0
31.854579675609145,711.8040828184096,no,31.603222468901333,33,11,204.27116289098086,1,45.41645404975526,3.0,3.0
32.081818735591874,801.3046003120472,yes,19.020683860912545,0,0,0.0,1,41.4073913951051,1.0,1.0
34.22065071729153,711.1292962548824,yes,14.516463626468862,31,8,168.39683922056588,0,0.0,,
33.0525505561776,762.3224649069244,yes,3.083710028177037,3,1,19.85442151071105,0,0.0,,
36.09409484833745,728.2783975390404,yes,6.766382604012874,6,2,38.590352648786244,3,234.37322608093967,3.0,2.0
42.78954553547529,754.9092663048866,no,5.322587776845464,1,0,0.0,1,27.656658256852197,,
35.1936069765554,861.3905123000147,yes,1.0481625989103256,29,12,244.32421468431227,4,55.76002609473228,,
34.31028466309618,705.8406777460932,yes,3.0947806736848213,12,4,87.49320730621751,1,37.745478209509535,3.0,2.0
30.40725220403003,648.4219085959612,yes,3.3671542865609294,9,5,116.89551648319969,2,37.47083723551862,2.0,1.0
36.60397732724158,772.5078587241607,yes,5.715015885587864,4,3,69.22349755792139,1,18.18354800039003,3.0,2.0
38.92779625786252,758.119699914183,no,2.8118648157638177,0,0,0.0,0,0.0,3.0,2.0
36.61138952922246,794.8622841187105,no,3.17268923857098,0,0,0.0,1,35.483668614167655,3.0,4.0
35.60146661356777,805.7712817187145,yes,3.465742071671366,53,22,479.3888817703339,1,53.07196828020773,,
32.29269531136056,726.7405550008388,yes,2.0256823029427795,23,5,91.86279004230516,2,49.91187553655888,4.0,4.0
34.81195797913557,626.7302977832826,no,12.305416325813455,0,0,0.0,1,27.33154012474303,3.0,2.0
37.357703643180415,680.6033138072863,yes,24.46074135781254,65,18,338.64115602597843,0,0.0,,
38.226570510385436,754.0026102176773,no,9.72205496228185,51,16,305.9591537588895,2,53.849708325690415,,
30.10214705560164,716.6569811060486,yes,0.5155236239167121,248,76,1461.5698418881962,10,311.07916094068423,3.0,2.0
34.08286128994773,684.2774879100867,no,7.490911838634896,62,12,218.3070867802445,0,0.0,3.0,2.0
29.894778084902015,692.3100615289605,yes,8.30021343708371,4,0,0.0,0,0.0,3.0,2.0
34.50456642325833,720.9033198066654,yes,0.5249364602221983,0,0,0.0,3,89.8372839372376,2.0,2.0
35.37285010546817,692.1934669585348,yes,99.28369611342185,31,10,198.02164581993864,0,0.0,3.0,2.0
46.501138121669996,751.0698288230927,yes,7.754739970512473,81,19,376.58621482923513,1,20.883945925777354,3.0,3.0
33.19421872684992,734.1203815862762,yes,6.511464771631659,19,3,70.61550981513331,0,0.0,,
36.379222572004224,769.5462426116119,yes,7.9186388701725585,200,60,1249.5288934882105,0,0.0,3.0,2.0
31.79482689923752,756.2336647223117,yes,3.5024968471883198,28,6,103.42221152518493,2,34.53187470267441,3.0,3.0
30.776174648584817,767.9962816092143,yes,5.85332648604898,3,2,41.159412143982124,1,27.279177949467112,1.0,2.0
37.13350562031453,643.3610115333775,yes,1.4853670509068837,6,5,100.35239099977419,2,72.94162579311131,4.0,3.0
39.055861240808525,772.1311181839405,yes,2.636267116021596,9,4,74.66988964241538,3,89.93230681486816,3.0,3.0
34.92907598048727,782.3450232365316,yes,12.901909402068773,65,17,400.63079939694387,1,52.08323307178796,4.0,3.0
30.978788839425846,616.0027348391351,no,9.35696648098563,2,0,0.0,0,0.0,2.0,1.0
40.1612524597952,771.1215569750503,yes,13.224779985394688,14,3,50.802843600634404,1,27.17130572233028,,
32.7522278220679,731.8167860251557,yes,4.442523537887077,2,1,19.40107142653588,2,67.20510527445765,3.0,3.0
36.928015635414035,725.6874924494142,yes,30.963089359582103,61,19,443.0489886582207,0,0.0,3.0,1.0
32.773167118133856,732.9246277286653,no,5.929430161466378,0,0,0.0,1,35.05237048608363,3.0,2.0
35.97220017857608,707.1114615894663,yes,2.658527289827228,49,8,148.82981717393787,1,43.979404701173664,2.0,1.0
28.016287510063865,694.4707446541381,yes,15.080637607193703,5,2,39.616332068690376,1,25.94523051258683,,
41.44554573937874,726.0591571534477,yes,26.21393859629191,0,0,0.0,0,0.0,,
29.689938357952155,722.6530875271842,yes,3.738308328878486,4,1,19.712035876077742,2,111.46364460688851,,
29.313231970794114,777.6467476243117,yes,2.01311189902745,109,32,553.3170249198482,2,48.111794498113866,4.0,3.0
31.48257302334035,672.1940980152613,yes,6.218509475008609,13,4,77.0089067102991,0,0.0,3.0,2.0
44.68691295670289,735.6675519118721,yes,7.7937038136988415,33,11,212.8128974371997,4,91.26207199161703,3.0,3.0
27.964959017062803,718.2113087266366,yes,3.3344579210675622,9,3,67.25375781480855,0,0.0,,
36.8459591319579,642.6736666851197,no,1.353202752393228,22,4,87.38526741884591,4,148.68797051454175,4.0,4.0
25.60842781491651,733.7132270903415,yes,8.888121841180057,40,13,262.8515217616269,2,113.59477989780551,2.0,2.0
36.222539705086234,656.8845698839001,yes,85.56194287311602,7,2,42.53941328044255,0,0.0,4.0,4.0
25.617801013464458,672.4519099215725,yes,2.766303135745646,6,1,15.935732894885469,1,32.84456913169219,4.0,3.0
29.60997441221851,772.7893956093696,yes,6.92408117439268,7,2,40.58083763175931,1,47.30874978106689,4.0,4.0
37.77228642788565,660.3683923164162,yes,14.142372296885213,14,2,42.69817787220115,3,90.0231478146869,2.0,2.0
38.77623933951516,687.0224762489021,no,2.440599608704623,23,6,131.45732606059468,0,0.0,3.0,2.0
33.38222384717119,707.1952164232647,no,9.122061419900781,2,1,20.079115938640133,0,0.0,3.0,4.0
34.94600475826666,778.9995236312631,yes,65.47675267931136,251,75,1573.4101909725082,0,0.0,3.0,3.0
37.307515181853155,675.7662522772331,no,4.547556362272718,36,13,230.04062208419555,1,64.63198737710049,2.0,1.0
36.61513145950939,760.0886224879021,yes,3.1522002205133055,3,0,0.0,0,0.0,3.0,2.0
45.80769016359095,751.6017147629584,yes,8.380440721563101,15,4,64.03127506292905,0,0.0,,
38.427625573353,758.5277753006043,yes,2.168918758246485,3,1,20.439053987331974,5,181.0813304030578,3.0,2.0
33.28129990534392,744.0579980929131,yes,42.98474772775113,107,38,787.5000850935226,0,0.0,3.0,2.0
28.830015820070003,584.2754255561617,yes,3.1073964469435924,4,3,63.341236323697444,3,166.48285576122672,2.0,2.0
33.72878945853388,652.5820953389846,no,20.01718137650211,0,0,0.0,2,65.80955398379564,,
40.51795487798583,796.0772041717752,yes,10.260450792782164,6,3,69.43627794340927,1,23.534572506565333,3.0,3.0
33.0879053696995,661.8074325121902,no,7.576679328976133,0,0,0.0,2,55.77660529315887,2.0,2.0
27.465159018839177,723.2988792816094,yes,102.96661865863216,0,0,0.0,0,0.0,4.0,4.0
30.81866340737438,684.1004357630575,no,31.32571516256941,1,1,18.33665021198391,0,0.0,,
41.81341223658268,774.718146308,no,9.407504609234135,0,0,0.0,0,0.0,,
34.52022844372272,698.1625145855509,yes,10.08599223266897,10,4,91.11857929220209,3,117.94526709780493,,
36.31778349492063,709.2944583707379,yes,6.530901862649526,209,58,1235.4829116494343,0,0.0,,
29.765927156291525,798.0667198869355,yes,0.651617544649669,0,0,0.0,7,254.33506735212018,4.0,4.0
34.80422685211159,732.3993008262067,yes,12.485429180580784,130,39,778.1133062058635,4,214.1307348989386,3.0,3.0
27.437900116653488,792.2777287149357,yes,16.45294684916435,78,27,543.0561491797437,0,0.0,,
41.97658927927228,671.5183224161722,yes,8.003871140617,6,2,39.37044750539246,1,33.07104982585834,4.0,3.0
41.43799438640794,761.1639506691282,yes,11.47142448678388,78,24,429.0793117928362,3,98.56053125204342,3.0,2.0
39.99505588367943,705.3213797095154,yes,4.569312330214512,14,6,139.57319234497174,1,36.05356120905646,,
38.5939806758974,762.8819020667261,no,2.8293171289789756,5,2,42.062752022278076,1,44.668678916038104,4.0,2.0
37.08219422592494,729.0775909487996,yes,3.7036568226916176,8,1,20.235343344817192,3,72.29505436689158,,
33.502683445088834,753.6535041154984,yes,31.26702674807149,307,87,1665.081523282886,0,0.0,,
35.41163379733093,755.3766166342449,yes,2.760498798483806,6,2,43.5491273910852,6,275.0886846511404,5.0,5.0
35.52657404503554,743.6975799923924,yes,1.3686700693687255,8,5,96.71395963518154,0,0.0,,
38.48183549800027,710.5539056708609,yes,19.339198261688843,23,6,104.00331874783083,1,27.729048738101145,3.0,2.0
34.20394494493019,626.6640903726908,yes,1.2089439193084557,25,6,114.42191971457126,2,148.29351881419925,4.0,4.0
37.18005370914471,702.346182696981,yes,2.466593298007173,44,11,213.99560455000497,6,245.69618331708637,3.0,1.0
36.72308661837697,784.7349102253153,yes,2.7903946425210298,218,64,1197.1682544273494,1,34.470204615883226,,
32.46069344779773,756.7556247619079,yes,0.8069653393088625,0,0,0.0,1,39.91637897977978,4.0,3.0
37.602550313335406,733.1612414663944,yes,0.5755629786297598,1,0,0.0,2,79.26447128913509,4.0,5.0
28.8970072544993,643.4004872337182,no,43.354657696561254,0,0,0.0,0,0.0,,
41.388366193525954,764.3892794402409,yes,4.88698409406719,0,0,0.0,1,28.823429011832342,4.0,4.0
30.17781195491617,723.5712850630816,yes,39.8002431810533,22,11,219.80178091638717,1,32.57811242769912,,
38.43225442091746,742.568019349627,yes,6.859315914721318,52,17,344.6741269397422,2,67.9147793758619,3.0,3.0
22.84938555855893,745.3085158240979,yes,13.320595383272021,72,12,255.78207568304595,1,30.598689714055013,,
40.54053116645567,646.395061693248,yes,4.140545086940931,8,1,20.91478180783252,2,58.36198408780311,2.0,2.0
32.940400169224176,690.1932828455629,yes,26.017871043670713,92,26,460.9313647950371,0,0.0,4.0,2.0
35.231869351488925,782.1894027517648,yes,3.930592559849258,5,1,22.80951963115665,0,0.0,3.0,2.0
36.16383771893449,693.5221822828069,yes,27.233913495197815,0,0,0.0,0,0.0,3.0,2.0
26.517151550178195,747.7624944648635,yes,0.6000295236921535,3,1,18.73237636126334,2,34.91841518335374,4.0,4.0
38.47366884975456,758.0960507634619,yes,3.4406622824064255,4,0,0.0,2,31.502888635505084,,
35.994231583106874,763.0041528944439,yes,16.963078012496933,19,3,55.43319485651142,1,24.26831476688007,4.0,4.0
34.314268072458624,662.5582095944902,yes,26.232797192548087,0,0,0.0,0,0.0,3.0,3.0
34.957791774713975,744.9115146454213,yes,1.3010589807444317,1,0,0.0,2,49.870949149307584,3.0,2.0
35.708504164877006,698.490911028818,no,2.3204195185367396,0,0,0.0,4,235.42480234067338,3.0,2.0
40.414938458366976,692.8139454353061,yes,6.5676700226212965,20,8,136.48635364297357,1,38.04575081958463,3.0,2.0
30.151807701215272,745.3231716924377,yes,3.1083461592931236,0,0,0.0,6,180.1061930964526,3.0,1.0
43.01039005120353,710.5493001522839,yes,4.18815975720043,12,6,123.42104755730367,0,0.0,4.0,3.0
30.489447010551547,828.1877665124516,yes,85.030507586061,0,0,0.0,1,28.215483716921998,2.0,2.0
35.611376505920475,692.3152829503999,yes,2.482494264439799,6,3,63.25167452839376,3,116.22389302148608,1.0,1.0
33.33100142338781,741.6562556153431,yes,7.348871400398311,44,12,241.40672337153606,0,0.0,3.0,2.0
37.03895850688218,668.1564771728652,yes,2.163850861266977,108,32,611.8927042909536,3,120.66975475887858,4.0,4.0
35.570653032688654,734.6031528233708,yes,7.038957551999395,74,22,485.26713476823534,1,29.77886963416603,3.0,1.0
33.14848362083703,718.4288812357756,yes,2.7223527699782575,3,0,0.0,0,0.0,4.0,3.0
30.088222065456787,713.9899315383742,yes,13.19646009558508,0,0,0.0,0,0.0,3.0,3.0
43.578129452193686,783.0758752017506,yes,4.149498601573306,13,2,33.704712398019616,2,64.96580446281386,,
33.97046731109151,770.0960772702218,no,15.153523739392519,12,2,37.33127013672355,2,82.50014022697101,4.0,4.0
41.75677656021278,726.0995593041476,yes,72.85486005604407,1,1,20.37431789494647,1,40.07149744203583,,
39.35500546667606,707.3737026735708,yes,10.589946189261958,69,23,540.9839855848415,0,0.0,,
31.929546667049827,774.8505647675007,yes,23.769358921555376,1,0,0.0,1,24.530742876072907,,
46.53435722957937,813.4758373435448,no,10.923037695695545,0,0,0.0,0,0.0,3.0,2.0
36.51754954453783,756.1292653375012,yes,16.531767165602762,111,24,494.12768133348754,2,53.90412995942284,,
32.50373048436858,758.2475147723138,yes,1.8288788428880176,79,25,513.8571417742223,2,51.2940902514157,3.0,3.0
32.77790000842586,729.9292897491806,yes,4.601720670955485,3,0,0.0,4,171.91369087543563,4.0,1.0
36.84218692627512,738.9751523488462,yes,23.40203372698893,5,2,39.779934571092646,0,0.0,3.0,3.0
42.792012170126185,753.6614233304822,yes,1.630132407576076,98,27,553.7377502112324,4,91.31309538004159,,
26.084343998941428,704.555992897718,yes,70.35062873717742,0,0,0.0,0,0.0,2.0,3.0
42.01209379271573,818.9582847575564,yes,19.264535045689865,145,47,991.2688297902528,1,36.388287789697436,,
47.97320979690884,768.4531546832516,yes,18.219034001925152,42,17,343.24442674622776,1,26.879902675040658,3.0,1.0
36.757513430844696,733.5687188090094,yes,2.8666708434120296,0,0,0.0,5,147.8696783444644,,
37.59474359722141,759.6080178914165,yes,140.10854908404332,0,0,0.0,0,0.0,3.0,1.0
36.63861953024892,729.316735580083,yes,14.176625124174167,70,22,489.4119214035085,1,40.20373355362721,3.0,3.0
31.002452971053376,673.669239143394,yes,3.1015308393635523,21,6,123.03150632013913,1,67.99026310221478,,
39.26761944830903,778.2502141180306,no,46.948807787176314,3,0,0.0,1,27.648650543470843,2.0,2.0
39.81611571798826,670.3621694585554,no,24.494727343318264,69,24,413.1223224848771,2,64.02727844255136,3.0,3.0
38.052573274709765,805.7986373684979,yes,4.263059355302004,33,11,227.4537791190101,2,37.40030971052186,3.0,1.0
43.36498075733601,776.7354723630496,yes,5.5162975582608,7,2,39.90579906476359,2,65.83316868563792,,
35.70713137559403,682.2762018863928,yes,106.98140787702467,14,4,87.93519942230871,0,0.0,3.0,2.0
38.98105737781711,763.0743738821561,yes,4.580162065786187,0,0,0.0,1,20.89716377603502,4.0,3.0
31.81220953132685,692.5478723802703,yes,14.652884117169979,59,14,256.35190015679547,3,66.63761671555224,3.0,4.0
37.4825679260895,728.7179433951183,no,13.614058788143113,1,0,0.0,0,0.0,4.0,2.0
37.40580433964595,748.554334339569,no,3.889100298005608,0,0,0.0,4,147.24615841531283,,
36.16277535373799,714.6939926235153,yes,1.461026128461337,19,5,113.42188437529394,0,0.0,4.0,3.0
33.97963146791455,713.4498301168984,yes,3.178447549896228,0,0,0.0,3,197.4834310511955,4.0,3.0
33.789688634449845,677.6393285844433,yes,1.1371911280427873,0,0,0.0,3,84.11671494134828,4.0,3.0
33.11951467788714,730.081199250389,yes,3.063091054309371,0,0,0.0,6,177.23802569356883,,
35.23520191467033,735.5559300958093,yes,2.832880206151357,157,41,800.7159076957148,1,34.2125630236687,,
39.877862989117645,694.9573571651604,yes,4.770945475001587,20,4,74.55570482044422,1,38.576667749146786,2.0,1.0
40.479787842097764,649.7248515654918,yes,16.331612452814717,0,0,0.0,2,73.08371060748478,3.0,2.0
30.395640322144935,715.3637484257913,yes,2.983466503575948,33,14,265.7862645415778,0,0.0,1.0,1.0
39.07407614497509,753.0948992022476,yes,5.067715498490684,0,0,0.0,1,42.39237768954731,,
32.155929942791424,708.549246509803,no,6.6722952808468365,2,1,19.077213966537713,0,0.0,4.0,3.0
26.74737927260256,775.6307352376357,yes,69.42161740262604,3,2,39.10573847558784,0,0.0,,
35.068904683132985,753.1132540334031,yes,15.243353808938005,8,2,36.77574080267175,1,45.32910114024905,5.0,3.0
33.360155589341424,711.7639051300523,yes,17.650347780858766,0,0,0.0,1,72.71416485589357,,
31.651101978304467,714.1812489712541,yes,42.09222134309739,7,1,23.484148938936002,1,31.535728090613077,,
34.63180030789445,667.1254399692793,yes,8.041632657813334,49,12,257.2555230194877,0,0.0,,
33.275761895759786,661.924516735605,yes,28.830899501798907,116,32,575.517939310913,0,0.0,3.0,2.0
35.01366773713399,722.7512983385435,no,3.2401673154210937,3,0,0.0,0,0.0,2.0,2.0
37.869846980356485,760.7124277105472,yes,10.706399362658715,0,0,0.0,0,0.0,,
34.44136017809241,665.792714510226,no,2.6349093992170363,7,4,83.08169861305849,3,84.55857657058903,3.0,4.0
31.311436366044386,765.4992012247449,yes,10.183471658102635,8,2,39.72335812295341,2,54.41281186425844,5.0,3.0
36.424430746050135,767.598691283382,yes,17.646329271457514,2,0,0.0,0,0.0,4.0,3.0
34.88147337696161,637.2271517823372,yes,4.90369437795421,19,3,58.598760503733665,0,0.0,3.0,3.0
37.3681458385375,727.191186821163,yes,1.087781842413223,80,20,402.682794848968,0,0.0,,
32.37131795358808,751.3143359130489,yes,4.267395565883573,37,13,210.61001682831068,0,0.0,,
35.666432306803685,780.7553655418616,yes,0.36336363410992806,7,2,42.07777314584289,1,22.104549637121444,2.0,3.0
31.563862202335915,653.7111793013014,yes,25.58787927132554,23,6,118.46970787476305,0,0.0,,
41.97702900718783,694.4919346543936,no,4.76199983823405,2,0,0.0,5,103.25563622950358,,
34.71206459061798,686.199365446957,yes,11.83860458128883,7,1,21.64631621378884,3,67.0886289024539,,
29.26753901496129,656.1505540558375,yes,11.92279573053278,0,0,0.0,2,75.52688314702816,,
32.96881256965647,764.5668208237796,yes,8.056241325721796,0,0,0.0,0,0.0,,
32.499944595678194,814.5593390874669,yes,10.212743028087127,12,4,83.53078446152988,0,0.0,,
41.2797860917172,687.2228977632695,yes,27.287026860466433,60,21,438.58960253919963,0,0.0,,
40.03991523923007,629.7332343361605,yes,0.705356148451277,1,1,18.820206644462566,6,193.2457855316557,2.0,2.0
31.90470388116504,861.397761398071,no,8.12274716228847,0,0,0.0,2,66.0910164787518,2.0,1.0
23.868191107567966,713.0043832449335,yes,139.98481912571648,0,0,0.0,0,0.0,3.0,3.0
47.60266724174903,817.6912970051039,yes,4.557705992125932,8,2,41.370152527643796,0,0.0,4.0,2.0
40.922400317370645,659.8152366166478,yes,6.583654325652459,3,0,0.0,0,0.0,2.0,2.0
24.315668946184918,722.5507096422783,no,2.6263729171869086,33,9,153.78600867505298,2,74.43489386732118,4.0,3.0
39.740435672968516,813.4760279866275,yes,4.632843177016336,0,0,0.0,1,30.844809156662485,2.0,1.0
32.11365074196994,725.8990536545878,yes,16.09782304693529,25,9,200.24803094448933,0,0.0,,
40.17850328610028,703.4053171811722,yes,41.51389085237289,2,1,24.542707736080413,0,0.0,,
45.63238087799736,671.1933180140081,no,2.6002351049953236,0,0,0.0,4,175.94496403062922,3.0,2.0
34.41659149394776,731.0748371696673,yes,4.276854363964128,235,67,1394.7419602106056,2,85.80077516556855,3.0,2.0
33.401099029116075,681.0646496266584,yes,9.447319135777217,0,0,0.0,2,68.01700613973203,3.0,2.0
36.87979884975851,667.192386119508,yes,9.830826130867145,26,6,118.66203562017844,1,23.747134894614206,2.0,2.0
25.44436609477746,564.2322233357991,yes,4.180741866776974,127,41,842.1044200270098,3,140.65116782351683,4.0,3.0
41.86837993892767,717.3926963153348,no,11.03728320096073,11,6,107.59284234152433,0,0.0,4.0,2.0
33.91555263866544,770.2941037130425,yes,20.05968409261003,10,4,78.21144255560972,1,40.18561190837087,,
37.65645741691549,751.9726440591824,yes,3.1226049707055306,1,1,18.917719561553955,3,100.59748630951403,,
39.38368816193015,806.3089547553805,yes,6.132934735631405,2,0,0.0,0,0.0,3.0,2.0
33.81202126112647,707.4922933863572,yes,2.2000430416896166,29,11,263.2042419017549,2,43.621771318037986,2.0,1.0
38.89409484304617,732.4185737567107,yes,2.2959816722633932,2,0,0.0,0,0.0,4.0,2.0
40.879349632339945,795.6657892232987,yes,22.900356609948105,0,0,0.0,2,65.94159510419844,,
28.931210842781717,783.1481876097155,no,3.8740802859686263,7,3,52.10290791314565,0,0.0,3.0,1.0
32.730120772170594,652.2552142876374,yes,4.660926249085362,36,11,229.6105621019458,1,28.93538485181627,,
37.589689712302004,720.4558148576275,no,2.3250260367758946,1,1,19.77693356343117,6,290.2092268041283,2.0,1.0
35.500410928774826,682.9296712098621,yes,18.314508987210242,59,20,444.056111781477,2,53.627239134060076,3.0,3.0
29.134055802419052,686.3549247803368,no,3.9764495610861728,73,16,298.2031702043985,0,0.0,3.0,2.0
37.22670812556517,764.5915114821203,yes,6.698384766421306,137,45,1032.014142548861,1,37.467841834089725,3.0,3.0
32.24171141973523,734.1900269430921,yes,10.66336711866028,3,1,18.738147095705088,0,0.0,,
35.86542095855572,727.308570315787,no,11.689767421516397,0,0,0.0,0,0.0,,
30.5887535907517,685.9254040629627,yes,3.6197761958466694,0,0,0.0,4,160.69061621241323,3.0,2.0
34.41899546544258,681.1148710923756,no,9.794499101498806,1,1,20.30116535350948,0,0.0,4.0,3.0
33.733327909017575,683.4894448175659,yes,28.42372714370427,6,1,22.728559420124324,0,0.0,,
30.18501903918846,698.5014417973988,no,12.79325449352882,12,5,107.44018295593568,0,0.0,2.0,1.0
35.0360594643087,694.5976847575593,yes,1.1694187830995366,0,0,0.0,0,0.0,,
30.894311740901202,758.3775806703743,yes,1.267447649204781,0,0,0.0,5,96.45690604630292,4.0,4.0
29.155483123419014,766.1238510000244,yes,4.733223567189526,15,4,79.22742450280705,1,42.56877443239984,3.0,3.0
39.81423753456217,755.9407884239671,yes,26.35613765570532,0,0,0.0,0,0.0,3.0,2.0
29.880767916834188,621.4447894759578,yes,1.338522443832358,55,7,124.58397771053706,7,212.39785676643046,4.0,4.0
33.955724154703944,768.5294422332179,yes,7.793375761176497,0,0,0.0,2,52.40346842287751,2.0,1.0
32.51992316209014,770.0291056228729,yes,10.032177058871362,5,1,20.106551597635814,0,0.0,,
26.55575876024785,790.8624298958424,yes,118.3817103424306,35,14,266.12793958302035,1,34.992925156948644,3.0,3.0
35.86685415633076,756.0236633856676,yes,16.386213403152404,2,0,0.0,2,87.61497584510673,,
30.06055319214971,784.6460975629457,no,4.027230533339964,0,0,0.0,2,65.8033554180488,,
36.39233056013852,783.5360443499251,no,8.433898477316626,1,1,20.337415248246693,3,145.69252117976723,3.0,2.0
31.503469319818645,716.0284541241172,yes,40.54419285202387,18,3,57.35312322079463,0,0.0,4.0,2.0
36.48629449904282,700.0474343448132,yes,109.71171018472786,119,38,811.7970450329362,0,0.0,,
30.489464393689403,843.25993051659,yes,12.44644120009763,29,13,242.2660931766182,0,0.0,3.0,4.0
34.882935712425194,691.6819934405626,yes,8.873259334146216,2,0,0.0,1,31.77735533665617,3.0,3.0
25.20011512537541,725.3754553490551,yes,1.9082452084383097,2,0,0.0,0,0.0,4.0,3.0
42.15878094699547,793.7083848328592,yes,36.01985500003963,0,0,0.0,0,0.0,,
36.879335276662076,714.016832263776,yes,2.044869939840819,21,7,154.65592567964563,1,30.64040132587419,3.0,1.0
28.584452709442335,629.071347912245,yes,9.514805439777291,0,0,0.0,1,28.349015391863475,3.0,1.0
34.85643617855546,690.3905574025027,yes,2.3537934748491645,0,0,0.0,6,243.31031627003776,,
30.74921573428579,764.6024821888275,yes,2.5017345118421006,0,0,0.0,0,0.0,2.0,2.0
34.504088947725926,673.2560871876221,no,3.379805534268725,47,9,193.7095773979458,0,0.0,4.0,3.0
33.03540443790735,614.2090088709941,yes,2.93905987768075,9,2,37.80884449572952,2,47.01500016231013,,
36.227765803720196,772.2031118742792,yes,2.5598927872620267,0,0,0.0,0,0.0,,
44.316718561405395,727.7104843681212,yes,17.191357351505538,151,49,1078.6500469949358,0,0.0,,
29.031039534110068,677.7471317262108,yes,5.227301393076265,0,0,0.0,1,54.52593085922521,3.0,3.0
35.423600825107115,701.1581695425565,no,14.630333403769678,36,13,218.61838046843474,0,0.0,4.0,3.0
26.027623241943118,704.7958531728649,yes,6.813780741510304,15,4,68.92093374142998,2,119.40074600395431,2.0,1.0
38.467984286044846,721.6253768829619,yes,7.915518953409877,0,0,0.0,2,61.34899241032853,,
33.1973043138941,699.41358249365,yes,7.759569398839028,60,13,250.89866258678342,3,77.2084615896679,2.0,1.0
36.51113653718405,735.2613038043645,yes,30.906856360313913,1,0,0.0,1,35.911010239112564,,
31.3965640436309,793.0693190807754,yes,38.354460904105196,91,22,474.2405224367095,0,0.0,3.0,2.0
30.244505552770953,665.94708326902,no,13.044073252411275,20,7,154.04066032066362,0,0.0,,
42.137029035494955,639.0276185775181,no,6.273363048026289,69,18,356.7892971068527,1,21.734414603723785,,
35.445332251004636,683.2877445886583,yes,31.329893366897515,51,17,338.6289350780898,0,0.0,5.0,4.0
38.91583142282576,812.1197552491941,yes,38.06164709791372,1,0,0.0,0,0.0,3.0,3.0
30.32737261211296,670.4008222540654,no,1.5282952854395202,64,15,359.7839214643607,0,0.0,4.0,4.0
30.278849710507792,746.4128063316458,yes,23.266939101509532,68,20,378.40384129418317,1,31.078742360309718,3.0,3.0
32.2611415465252,726.4429815961679,yes,11.449550225620195,2,1,17.111860615561042,0,0.0,,
38.09159120793555,691.4387649934661,no,42.6842984047779,1,0,0.0,1,25.162793367800596,,
35.06777600128574,708.4116117462091,yes,6.5648028351597185,29,6,116.97624976900633,1,35.602140356835704,4.0,2.0
38.11993541376193,798.6542732716289,yes,59.657670767292274,74,23,463.54251346240494,0,0.0,,
28.00641490543495,714.7637328176778,yes,0.22749178850776877,18,6,119.34075632171061,13,423.1696161963797,,
41.58367127946868,872.9259801112331,yes,8.320358273381654,74,30,575.4065617803287,2,41.16644991280326,2.0,1.0
30.401131667925313,677.8046422564472,yes,10.694401656062032,0,0,0.0,0,0.0,,
43.498932237613346,760.0659444642063,yes,8.013606187077253,64,21,418.70073607830767,1,31.528588903100907,2.0,1.0
39.59906810110822,757.3209754760926,yes,11.388335072332726,171,49,946.8491467758664,0,0.0,4.0,4.0
33.88031528068819,768.5452003458453,no,0.6328336421843184,3,1,18.642611939680467,2,74.28035066333945,3.0,3.0
40.00740792276326,732.6912526101656,yes,29.06594773662385,4,1,23.438659971114376,0,0.0,,
36.59248188581229,829.5649154254306,yes,6.966795704908624,95,30,565.9293627096259,2,80.96320753098851,4.0,4.0
24.199770961435757,667.9572578910106,yes,10.410713100702628,64,16,359.38018722790764,0,0.0,,
31.186239287723215,799.5649222509116,yes,5.279488483401943,0,0,0.0,4,114.24923455415298,3.0,4.0
45.46628653015686,770.4989817787713,yes,15.137505164282883,68,21,360.2422295900164,0,0.0,,
43.67643520239236,733.4892888182715,yes,20.669381604374923,52,12,223.8702100384549,1,29.677851012483277,,
36.80259615983627,700.802690365752,yes,4.296919771006743,13,3,55.19742083797942,3,73.17712418517556,,
40.78709353931942,744.117900210416,yes,26.941178643410904,93,26,499.59139831515165,0,0.0,,
37.41697825747398,707.9696648655893,yes,4.274152253810749,2,1,18.671342872814414,1,48.52350941523731,,
28.68581224702191,741.7688675983683,yes,4.83640876425725,17,5,102.7600758304962,3,159.1765631703981,3.0,3.0
33.40316711457554,789.315093328051,yes,13.678271733142191,1,0,0.0,1,25.61274976532667,3.0,2.0
35.59595225754178,718.4437089601795,yes,12.24530340934298,9,5,103.21964385835457,0,0.0,4.0,3.0
35.694420206946134,722.9169737096886,yes,2.7297427125743035,0,0,0.0,0,0.0,4.0,4.0
28.750720958359302,790.8166033960216,yes,2.90841833160341,4,2,40.05688138013176,2,97.95984005461683,2.0,2.0
33.612990310845404,736.1859932451621,yes,11.060434383829804,83,22,460.76399812128733,0,0.0,,
27.0564682609153,701.2332031243893,no,3.9249171815216424,0,0,0.0,6,127.74175562885168,2.0,2.0
39.061624353190616,781.9727852047171,yes,6.203357438407814,0,0,0.0,1,35.712390060873105,3.0,2.0
43.42608733443497,748.5348130119605,yes,10.278662359098915,9,4,83.25819330719078,1,47.764805633972685,,
23.92524394859068,774.5121305083907,yes,17.804186653768497,4,2,45.3582172761346,0,0.0,,
46.79469687272119,852.2053776852933,yes,2.7686577675695023,2,0,0.0,2,152.58711375645348,,
35.841687982192106,677.3465147544154,yes,8.017041214266898,8,1,17.62666653792723,2,50.62655009526943,,
29.552242075258512,640.7293830968742,yes,0.25524702896565943,1,0,0.0,3,70.09176145080495,4.0,2.0
31.297633258769054,695.1737254863913,yes,2.082664936943714,2,1,20.49252495312923,1,34.34972102454696,,
35.98414999179531,637.3712074553686,no,3.8907125458154868,2,1,21.578994062629757,2,93.55799321857359,,
38.2758198669885,729.0687439162172,yes,14.76895240853061,6,1,20.10883420563306,0,0.0,,
44.01718813784648,680.520101555906,no,20.63177246663643,17,4,85.18783629877748,0,0.0,3.0,2.0
24.564155838805796,625.1989648890249,yes,27.51449724544454,42,13,224.49964107627193,0,0.0,,
35.27252826845604,644.6377432233171,yes,4.136354698637807,1,0,0.0,1,48.86342128601299,2.0,1.0
35.83556524813837,873.3488083785331,yes,6.595766315474532,0,0,0.0,2,41.81113026818525,2.0,2.0
42.91587761782428,766.9256454863608,yes,11.57718700042266,10,2,39.52222544221642,0,0.0,2.0,1.0
39.165926478684085,642.8275308748028,yes,14.105750122029686,3,1,21.02520187836304,1,61.0108741693349,4.0,3.0
31.549965630423593,652.7862790609305,yes,1.0388435621435048,14,6,107.6471533976684,5,60.91607015517673,,
31.464697392922808,633.5465876152869,yes,2.453547871947865,0,0,0.0,1,66.59926017752785,5.0,4.0
30.989301272754254,610.0504493501727,yes,6.511619747307444,7,3,47.8566114916704,2,152.769484764802,,
39.61070732189,795.7484066278763,yes,3.6700554361852142,7,2,41.8052678495831,0,0.0,,
44.74125439725291,767.0109240331731,yes,1.8008353841453442,37,16,294.7340316133316,3,104.98778964389615,,
37.07487686607644,765.5543568465228,yes,9.468734281115367,16,2,41.147621281356464,0,0.0,3.0,2.0
42.91654271994914,782.9298258778546,yes,12.608441052634443,52,20,455.61513277147253,1,34.85995239427135,3.0,2.0
37.73095762222551,628.4929722663148,no,29.123278035614643,26,10,237.91956933081457,0,0.0,,
28.730377890015156,709.442714951717,yes,13.148003425814125,1,0,0.0,3,112.09531268926227,3.0,4.0
31.59879666520141,730.3416265794275,yes,7.118595257219028,189,55,1145.6454654040297,0,0.0,,
30.29227168831902,766.5112374474334,yes,13.128556795792662,0,0,0.0,0,0.0,,
33.3010206698033,724.049273692771,yes,3.554537490319885,15,2,38.61178083054306,0,0.0,,
33.31378243072553,714.5158184965286,yes,132.81553792273576,5,1,20.967403558788245,0,0.0,2.0,1.0
40.52100565720272,768.0929068028261,yes,3.238662032485529,68,14,238.70844060127305,1,30.095229581693914,,
33.624227618246934,744.2215724160679,no,6.882717286583138,19,7,152.83201133085294,2,79.8543932545228,3.0,1.0
34.67532838324023,728.2616639000887,yes,21.156744837646716,82,25,492.2634448404747,1,37.40822903923645,4.0,3.0
31.58804408965262,793.3715872031689,yes,17.99997895309944,1,1,17.219210349955688,1,25.967464742951417,,
34.68599171462506,677.4873611229721,yes,26.571906663346102,62,20,445.8696212262994,0,0.0,3.0,2.0
45.670351021437554,710.4251796454598,yes,2.5339562724947338,44,12,254.8030881166587,1,40.920495773767215,,
34.300529341566595,634.7833789519267,yes,5.260634364834135,8,3,65.91812781879302,4,318.4391610245441,3.0,2.0
33.23377450611415,678.2212060593151,no,11.701446632746167,0,0,0.0,1,65.31146698841383,,
42.72774347929526,829.5030275549273,yes,44.08939301002592,31,8,144.32779549752783,0,0.0,,
33.04118955928425,736.818428090162,yes,3.866582919138377,3,1,20.176168987640693,0,0.0,4.0,3.0
44.09925330962979,750.7645654995329,yes,4.321573200640459,11,2,40.839151779309724,0,0.0,3.0,1.0
39.961202574490954,739.4845347216803,yes,7.368559335529209,11,1,20.29207272505333,5,174.17048167435692,3.0,3.0
42.799528659468436,770.0332753314166,yes,1.2429339442940472,17,4,89.12875127327321,3,156.02235917786794,5.0,4.0
45.03808964451171,748.2646511850359,yes,3.0760872685263925,0,0,0.0,1,27.869945357036332,3.0,1.0
39.759583586549596,747.7858503258549,yes,11.522381820971532,0,0,0.0,1,28.372529877739783,3.0,1.0
35.915694068120146,673.533042309443,yes,0.42796990664317647,0,0,0.0,4,95.15386234704792,4.0,4.0
40.07577397024825,771.431216027806,yes,9.520976023223675,78,25,484.81780547124026,0,0.0,4.0,3.0
33.90278872244106,678.7218988616983,yes,11.082613552705633,0,0,0.0,0,0.0,3.0,2.0
31.136435770643228,675.3590607507472,yes,1.2316396196770811,0,0,0.0,0,0.0,4.0,4.0
37.95251940710394,720.0099387836508,yes,8.575009582117369,0,0,0.0,1,24.09623431179659,3.0,2.0
31.319112048666835,723.6646228586615,yes,24.133303574052942,11,1,16.59543317848761,2,92.2905337752296,4.0,3.0
29.164021516562357,754.7218023828805,yes,14.167694474856203,59,18,300.93621440842026,1,39.24192829943547,4.0,4.0
34.477748253229485,763.1187260559833,yes,3.797885293677424,5,1,18.971257946630875,3,87.13336104124106,,
27.752742301478555,752.3015566664875,no,4.39563835292056,1,1,21.32019507861378,0,0.0,3.0,1.0
36.89548252283062,708.8629771161919,yes,12.352189918925225,2,1,19.55616325913331,1,29.494226629623416,3.0,3.0
41.90948244619387,752.7823181600835,yes,4.712374964571094,3,1,15.330214057058745,0,0.0,,
30.629079014569797,664.7646481813609,yes,1.5819402338433832,0,0,0.0,3,120.99862094063855,,
32.722946128174975,770.2400055706772,yes,11.347246566088177,2,0,0.0,0,0.0,3.0,2.0
33.79400504013869,705.3989516573437,yes,3.434698589568068,6,3,53.34198884731131,2,63.37434120129859,,
38.69146973447996,699.6382435615841,yes,15.808100543840263,1,1,19.031159368288154,1,36.717663491413745,,
40.485149088887425,752.487269662685,yes,23.49982807965508,302,82,1528.7686281155695,1,39.0733600707152,4.0,3.0
44.580058905426974,741.5373561045825,yes,5.387636656652822,12,2,39.888153747737434,2,76.65714440034125,,
45.109524087718654,776.8970566823425,yes,3.277627417210005,2,0,0.0,6,123.0632637543946,3.0,1.0
36.77447648420361,700.399291207851,yes,4.535584026192546,51,23,442.3537683824549,2,121.95986558172508,5.0,2.0
38.61781132887015,758.8249715273204,no,18.234256267686114,0,0,0.0,1,36.13475061311103,3.0,2.0
29.143899204772616,644.1505653936474,no,7.3739228156970755,2,1,17.954696910901013,1,39.62463926408035,3.0,3.0
38.754110031592,679.0333939653736,no,1.1322277894643613,27,8,153.27048724720615,5,137.23231804638795,,
31.12782625526816,748.9545812366956,no,1.245741806736307,52,17,418.99570712580197,2,93.54428892660398,,
27.632173933488602,690.9418104222332,yes,3.9669006029370544,2,0,0.0,0,0.0,,
37.95931691361026,767.8862244668935,yes,0.3458597425069055,1,0,0.0,2,86.39021557306187,3.0,2.0
44.74803593298783,770.6686010988838,yes,16.470696920109212,0,0,0.0,0,0.0,4.0,3.0
30.797850214353115,705.4843958315491,no,12.53263829409758,0,0,0.0,2,118.77227957267655,4.0,3.0
34.19329771564381,863.7122879263936,yes,5.43785076368241,3,2,45.630351446232844,0,0.0,4.0,3.0
30.009467854415238,778.0872053083596,yes,25.299932063218613,15,4,84.01913335948306,1,39.20984498208109,4.0,3.0
40.591190999673174,759.9877370715358,yes,10.858192528590578,143,40,901.3880745103723,3,109.7610851059864,,
30.465895630158137,725.2943809161275,no,5.761883822526748,59,15,291.0410753793639,0,0.0,4.0,3.0
37.03055906929471,683.101346502358,yes,13.811500513473694,67,18,377.91439651872787,0,0.0,4.0,4.0
33.669280185883046,722.4641455036054,yes,2.1216191636815704,130,39,731.1529584700097,0,0.0,2.0,1.0
35.50659098055725,683.9261972895692,yes,18.990135312326597,124,49,1166.9077242283372,1,20.489421122172423,3.0,4.0
35.76447977065697,813.7909401705613,no,5.69019381743728,2,1,19.218904934040008,1,23.7498242934066,3.0,2.0
34.29877646337847,822.020178246764,yes,31.3800485411996,5,1,23.03470605234554,0,0.0,,
37.12441065228302,733.0424573351293,yes,7.32513946192904,22,8,136.2472818047077,1,41.166821362583036,,
43.03970907180127,712.4966455880281,yes,30.216350237176954,32,10,171.0244124464408,0,0.0,4.0,3.0
32.49303753072987,722.6293371369911,yes,0.4726125751134436,0,0,0.0,8,186.61518318886834,,
37.266789088902065,735.0634706880121,no,31.521911488236228,0,0,0.0,1,19.296800427757052,2.0,1.0
29.07494455116689,756.1957007414555,yes,5.666088177389114,334,96,1738.402260054645,1,30.821867996222206,,
40.1768258339553,809.0258156860489,no,8.699868968255984,5,3,63.38625401591729,1,22.598382176885412,4.0,2.0
38.566203820940956,778.8968233273686,yes,3.8135351675937628,35,15,321.57273664707645,2,80.1713373559917,4.0,3.0
35.03399273622069,759.562602752707,yes,22.50348312135178,1,0,0.0,2,87.93105515787144,3.0,3.0
29.49675378650347,675.82901113233,yes,15.076001089628079,37,12,266.44749794183696,1,27.07496317702483,2.0,2.0
26.4188897276528,678.959949548607,yes,22.88725561165489,0,0,0.0,0,0.0,3.0,3.0
41.44406270125502,771.5913236342387,yes,13.548712332508645,9,4,84.06911864869059,0,0.0,3.0,1.0
42.367901199833,819.1884626907066,yes,6.147055809168789,0,0,0.0,0,0.0,2.0,2.0
26.197444943240015,631.2255747253066,yes,5.247228825296314,15,6,100.67268214441263,3,168.77474447038074,3.0,2.0
36.118306808709406,704.0537313941542,yes,19.921070049635652,15,4,67.99072496340287,1,47.600431528511244,,
37.986349367590584,738.50912604431,yes,1.8923811458746729,18,5,123.57030697235486,3,259.93173984557535,,
29.193526574097753,716.2321378855908,yes,0.6588266947190884,0,0,0.0,6,293.8599304699768,,
32.63243214735121,709.1493122226385,no,2.9642099522540777,32,8,177.2931170763465,2,65.023427548662,3.0,3.0
33.02664687860133,745.4331754661724,yes,12.02126203498939,3,1,22.38065814669005,2,66.37550066520137,,
36.77708516748486,712.1407308701114,yes,13.760399514489897,2,1,14.608904379706408,0,0.0,3.0,3.0
33.27411758619152,752.097571377031,yes,23.421929658422698,23,6,107.30581250513094,0,0.0,2.0,2.0
35.03962859493296,753.8983001157768,yes,3.0503252955175677,4,2,43.094914026235884,1,18.04582494111485,4.0,3.0
44.48890362565655,750.8408402835117,yes,1.721709018154671,0,0,0.0,1,16.355949512199118,3.0,1.0
37.12478796344395,737.6248308265425,no,6.3521381306967815,27,11,226.2025015876114,0,0.0,,
41.472354034476325,815.6221902458263,yes,17.699907558074546,8,0,0.0,2,29.34635520905432,,
42.07118493663527,716.0105358630759,yes,24.281481054628276,12,2,40.75130462401535,0,0.0,,
38.139064507285326,770.3679046168506,no,1.8250378964467269,2,0,0.0,2,40.0308304767668,3.0,2.0
32.56443180110811,676.3080019803139,yes,11.438876231946205,0,0,0.0,1,16.471203318372545,3.0,3.0
37.83822780054743,702.6715372541435,yes,5.711799654364233,5,2,45.96083197583105,1,63.06938342524407,2.0,2.0
32.338681119205404,738.9572337351962,yes,1.7747463880722665,0,0,0.0,2,29.37060558733604,,
29.442543121748024,692.4568128151216,yes,5.509455694572725,40,15,299.1824642612593,6,226.9116976191347,3.0,2.0
37.5417226436681,778.1454245045344,yes,3.676319197702986,7,2,39.92964652713394,2,65.21804806422668,,
38.67837498387302,714.6559349579788,no,10.20934179963399,0,0,0.0,0,0.0,3.0,2.0
32.02855243226728,712.3669930222,yes,2.5777295285548156,10,6,135.29037902153672,2,69.29961416873664,3.0,3.0
34.228831877037116,738.218765552651,no,24.845695739666684,3,0,0.0,1,29.857590503151243,4.0,2.0
36.357358416086775,706.3287844116251,no,23.26966506131008,0,0,0.0,0,0.0,4.0,4.0
34.102309441946524,737.8477331958743,yes,0.8275870221855738,6,3,62.36554937541799,2,66.48170966730233,1.0,2.0
38.27541088897571,800.8428586860246,yes,2.3689310842451015,0,0,0.0,4,177.62618424309775,3.0,2.0
36.78562616014109,816.8299684989215,yes,15.257439340469586,60,16,304.7808462595485,3,94.4718936254169,3.0,3.0
33.596609651194456,729.4932733433969,no,8.938228387139208,1,0,0.0,1,27.762831398636482,1.0,1.0
28.910316887059196,688.9643360132869,yes,93.11617103676068,20,11,276.58150020112316,0,0.0,3.0,3.0
22.08192984353165,716.5541474712159,yes,94.70667882017375,7,3,51.99419116956515,0,0.0,1.0,1.0
44.20711869427194,772.3583874149135,yes,8.591196297476323,281,75,1667.6041230380085,0,0.0,,
37.79297875108268,772.7083394989978,no,6.35987088183984,25,5,94.29826166246906,1,25.960635806235157,3.0,2.0
35.288823381260826,731.9960965176474,yes,1.4560195663926931,16,7,136.58978698729186,4,75.36542534788805,4.0,3.0
32.37466995640465,710.9797346537921,yes,40.103893232552686,45,8,149.52183238839115,0,0.0,4.0,3.0
30.31462424233229,715.3685425959887,no,1.8430425941395392,0,0,0.0,3,115.39541129381394,,
38.68346668292466,658.0014237557278,yes,19.062944158882438,54,14,341.02422470868976,1,19.633494184186134,,
35.99128994366614,724.4821409399684,yes,12.311316112332836,2,0,0.0,0,0.0,4.0,1.0
39.19125766969165,680.1048957016058,yes,9.376772766503064,18,0,0.0,1,47.41327444619016,,
33.9061635681817,747.4525404525707,no,6.991246301243771,0,0,0.0,1,23.263638313646855,3.0,3.0
37.08019514781725,794.8222003817862,yes,1.2909809675077966,0,0,0.0,5,158.16076311926525,2.0,2.0
34.24652848480081,751.7243646467948,yes,9.039994276699192,0,0,0.0,0,0.0,3.0,2.0
33.88228453150181,717.7264298401883,yes,95.44909345652249,81,28,586.5568734618835,1,38.66233914314901,3.0,2.0
29.20768883868886,731.7069069970047,yes,56.97393380036659,8,1,21.405302624397013,0,0.0,3.0,4.0
37.19417216832509,751.3427081477184,yes,10.744212546531134,428,128,2883.1635897469687,0,0.0,,
34.06801186264665,714.8607982207988,yes,14.560408443514387,0,0,0.0,0,0.0,3.0,1.0
37.22778243893468,749.7089524779918,yes,9.961968580214531,0,0,0.0,0,0.0,3.0,3.0
40.57485282826943,688.5493854455659,yes,22.687432040942777,2,0,0.0,1,52.26393119368606,4.0,3.0
33.10488038494389,778.6408053291696,no,23.97240651429262,22,5,105.36092405918396,0,0.0,,
52.60699527586722,763.4550517246195,yes,2.8235162537105296,0,0,0.0,5,171.8364406146912,3.0,3.0
38.90879408857753,672.5854903656323,yes,7.3615702652345645,86,34,718.5379748037992,2,86.09545989660754,,
45.13714631077928,761.792932776083,yes,0.8842417992523739,0,0,0.0,0,0.0,4.0,2.0
34.32666460682085,715.9243624359465,yes,8.91090086794018,44,11,221.60320586670542,0,0.0,4.0,3.0
32.21536208745402,688.6567907760126,yes,51.081552906922546,14,5,80.38084634942571,1,75.36423860606261,,
36.58034488355472,750.4022596461997,yes,30.05816415198783,12,4,80.98141152138143,0,0.0,3.0,2.0
31.351105794001338,790.2272678104275,yes,1.4829179718535277,15,6,137.59550768749207,2,53.72825595439991,,
37.106014340463595,806.2085429972891,yes,2.516528238636686,0,0,0.0,5,106.63499838271719,3.0,2.0
34.083037347730354,749.753362149807,no,2.725721483916914,1,0,0.0,1,28.260724860686164,3.0,2.0
38.29773851074307,669.2200156310508,yes,3.729819016253231,1,0,0.0,1,30.98692607886188,,
35.43887727363551,742.5867726803531,yes,1.822060192908464,11,3,54.280949457682695,2,118.62801513459752,4.0,2.0
28.956618573900688,748.8909007251791,yes,11.478325658022055,10,2,44.26718523858717,2,122.74425906308672,3.0,1.0
39.0061336644792,716.2238109027896,yes,3.4762244222868497,29,5,109.17167814063895,3,169.72419551623437,3.0,3.0
39.52956341517825,765.1237332211366,yes,2.041315970715989,0,0,0.0,2,52.19870176763697,,
43.72590936170173,832.110601636165,no,6.048446282549096,0,0,0.0,1,26.10425390012974,,
40.56586440424715,777.5061424137342,yes,2.3845143558262327,0,0,0.0,2,136.65572857671728,2.0,3.0
32.74933002615295,709.392518367124,yes,5.186667815569294,0,0,0.0,0,0.0,3.0,3.0
38.85732269132384,699.0819242724112,yes,8.709586507720417,1,0,0.0,3,90.46342677814603,,
39.3727147877073,798.9984983815998,yes,1.4616350682936308,0,0,0.0,4,107.34529374889055,3.0,2.0
31.5428835006189,724.9663317182594,yes,3.482777220134955,12,4,88.31632148275953,2,33.75142522412354,3.0,3.0
32.938723329530475,655.9894163540405,yes,21.44239177459051,0,0,0.0,0,0.0,2.0,1.0
44.58116674864256,760.99235332536,yes,10.343624628565498,5,0,0.0,2,29.539823274809596,,
32.95741810773379,676.8509309764952,yes,4.016966436712975,9,3,58.30779848751979,1,16.301288113349532,,
43.69493269271426,768.9709808646754,yes,12.87876025616539,3,1,22.420205697026496,0,0.0,3.0,3.0
39.695923139746206,732.1548790193355,no,36.513865206290006,96,28,541.9945451436823,1,34.3922778481879,5.0,4.0
33.70591089706901,689.2227369791191,yes,6.857329626428919,54,20,434.39690485031554,2,29.812774634459878,3.0,3.0
39.32415579673449,703.282077526761,yes,23.6909284169967,7,2,39.83377282537668,0,0.0,3.0,2.0
34.17459689300114,638.977128033107,yes,50.09744897018421,0,0,0.0,0,0.0,4.0,3.0
36.86069640187038,763.1736733178383,yes,97.88730056943565,36,13,268.3833269090485,0,0.0,3.0,2.0
35.9464584603166,775.3878120299316,yes,88.7849834431257,3,2,40.981860328962235,0,0.0,2.0,2.0
44.38095392184876,803.5469182866988,yes,4.943859547296882,2,1,19.232598486255597,3,102.08373892976266,2.0,2.0
37.81826639784147,689.970271905425,yes,5.454721504146444,85,25,544.8171527795655,1,45.87316731717347,,
38.46653524617675,735.0800023421943,yes,5.033464231815433,10,3,57.02479021990058,2,48.53787747552162,4.0,2.0
23.30471320483135,659.7455279722205,yes,136.5782603330912,58,25,473.73268148170854,1,22.001678364467324,3.0,1.0
36.16765801966968,693.3811415495724,yes,5.733067081575318,8,1,21.474528362396775,0,0.0,4.0,3.0
32.52294352982735,709.0045998988415,yes,17.478202469473608,188,59,1133.211888464819,0,0.0,,
29.553908952795823,652.5375802804639,yes,6.588912025864682,0,0,0.0,3,143.38141772714062,2.0,2.0
33.89763894004907,679.3010858233348,no,10.005935212411105,5,0,0.0,0,0.0,4.0,4.0
24.198829967768617,662.1392518649295,yes,2.0811876321881515,25,5,89.93943212210442,1,43.8811170408704,5.0,3.0
39.163948401130924,678.9508899972417,no,11.329039719206886,27,7,145.60264953022636,1,26.071295533652744,4.0,4.0
27.91453986915353,702.0352916727927,yes,5.350210837853813,2,1,18.0316552756976,1,27.933719056576027,,
37.47149327941353,712.431387933025,yes,59.13951162506279,15,3,59.61532636371537,1,21.61941864983674,2.0,2.0
37.44647399927809,581.5928825195215,yes,8.922395164147103,2,1,19.219593244973694,1,56.77688056182696,,
44.492744122777445,753.1560418023463,yes,51.123290919187276,0,0,0.0,0,0.0,3.0,3.0
37.55663336383587,799.4514131875166,yes,177.2744575064164,8,1,19.23245859224512,0,0.0,,
35.26134624949693,660.5240829895987,yes,30.851884230281424,18,6,120.28545591903364,4,377.11299170482994,,
29.035019831080998,691.8723000019432,yes,1.973415451664987,161,60,1051.292491073639,4,322.42513852743735,2.0,2.0
28.402783472139465,678.6123675306245,yes,1.0012087495782787,24,4,95.14022766733068,3,85.25198498391346,3.0,3.0
41.31402046928594,743.002106608777,yes,14.149828418264303,23,8,144.43173948551967,1,34.58509230994976,3.0,2.0
41.12008969912579,750.6907288000432,yes,1.162815189469523,11,3,58.07569530700421,3,62.91321948594843,3.0,2.0
34.63547307169904,688.0457246799772,yes,14.775369754153411,8,1,24.38881008235373,0,0.0,,
43.14620224415913,686.3121766019171,yes,0.4679277880263981,0,0,0.0,4,54.66296258794627,2.0,3.0
34.00427930809896,682.5516258882155,no,10.264398681561513,0,0,0.0,1,25.916517256544505,,
35.461027361637576,823.7772611415943,no,28.835751026808335,1,0,0.0,0,0.0,3.0,1.0
34.3612000286,784.6156402200344,yes,3.7145532798777903,62,11,221.02534307430173,1,25.709109950517995,4.0,5.0
37.9100129042524,748.6094209073672,yes,8.269088615235553,7,3,58.16190806630998,2,72.07869844509439,4.0,3.0
32.19553931568077,740.9976543424827,yes,78.10229506358883,14,5,114.97225531164857,0,0.0,3.0,3.0
36.38572986288568,691.5670009119132,yes,1.378881318258476,33,17,405.4478740216214,0,0.0,,
38.544921526139845,835.6549858123271,yes,2.946429247672367,10,5,93.67975377775132,2,38.36943540592468,4.0,2.0
37.39126654947886,782.6516433031243,no,5.259353797269192,8,2,41.25882943819589,1,35.724266333953814,2.0,1.0
35.489886877186585,770.6108302356533,no,18.26943167230431,0,0,0.0,0,0.0,3.0,3.0
29.27571266164781,757.5563104941183,yes,5.988131179059305,31,6,125.65668238581455,0,0.0,3.0,1.0
29.640793544276807,660.8313528076048,yes,1.7703715065231158,0,0,0.0,0,0.0,3.0,2.0
24.451311341730612,675.4928421273855,yes,7.960312733105544,17,4,79.56712939022721,4,205.4506335105792,,
40.52069689582102,801.3269544463614,no,3.854351865062436,0,0,0.0,1,47.92325908755297,3.0,3.0
40.01521005969002,765.3532558700878,no,3.360049476473136,17,2,41.75031265749847,0,0.0,,
31.266110641149943,673.2037500058035,yes,6.0339431241876165,8,2,41.633202442318506,0,0.0,,
50.75585619798859,826.2025122482659,yes,2.4453590865960795,12,2,40.83022144516097,2,36.61177700657989,1.0,1.0
33.104741293261746,639.075432749778,no,1.5409259385571727,0,0,0.0,0,0.0,4.0,3.0
33.65517093612825,657.4744242432844,yes,3.957114605263265,34,9,163.7404501320416,0,0.0,,
38.27509677979519,696.8277032307577,yes,6.000742761851971,0,0,0.0,1,41.58064272527154,,
36.266414341844595,753.8707681350036,yes,26.286107289451383,6,0,0.0,1,31.850059980874665,,
33.25513497272749,703.2979465854982,yes,43.21124646682155,12,4,73.21245415099453,0,0.0,3.0,3.0
33.997942977459346,626.1039559887066,no,3.200981286890848,20,8,178.54233578137553,2,67.90838034718921,2.0,1.0
31.95114850485775,716.0017708180699,yes,4.30115283289348,0,0,0.0,1,45.479728386671695,3.0,1.0
35.57894809749993,711.321212844984,yes,16.155654495976414,3,1,19.350895675138624,1,12.863828186193611,3.0,2.0
26.421234641150935,619.986763849239,yes,1.2395318291520505,0,0,0.0,5,130.00773406700344,,
30.97514479088428,736.8507509467776,no,76.14903337622215,47,15,294.38651804488677,2,113.77545279156378,4.0,3.0
37.53036877038004,689.0750563678962,yes,3.9709228294877357,29,7,143.9730915947129,1,23.53464547767553,3.0,2.0
23.4829007154477,707.4258945932835,no,14.406743515384003,31,8,130.16701745791514,0,0.0,,
36.66986831165593,615.1084335555137,yes,0.8947183550042727,121,50,925.1254444883699,5,244.9001495663004,4.0,3.0
45.920267012524896,625.3394883000265,yes,62.40342190458497,180,51,983.4783973843585,0,0.0,3.0,1.0
37.58368853843746,730.6518080622761,yes,10.16556365268562,161,62,1332.1990627003456,1,32.17759936728125,4.0,2.0
37.78089990324576,685.4987686689689,yes,6.303690496784717,2,1,19.035599342146444,1,20.676448289580375,3.0,2.0
37.70957190678013,768.9612147677951,no,22.871909366554558,4,0,0.0,2,69.39724326084922,2.0,3.0
37.36209373604274,743.0835218247864,yes,15.762918602291872,35,13,286.47948669449056,0,0.0,,
27.48334095401837,693.4678688967995,yes,6.038595536807123,75,29,551.534160723461,0,0.0,2.0,3.0
41.16537059686892,653.9216358763124,yes,71.78541667466851,14,6,114.65890026494975,0,0.0,,
36.6573761147108,742.4505777169994,yes,23.278552115371024,0,0,0.0,1,45.05747198025594,5.0,4.0
40.90775988982053,692.862792687298,yes,13.388406555201428,12,4,63.05702325607689,0,0.0,5.0,4.0
38.88346202138826,720.5647281789267,yes,1.3533621257873418,0,0,0.0,4,96.94205924813231,4.0,2.0
31.127132014397276,777.755550544523,yes,101.6340309975064,20,7,139.72815001410223,0,0.0,3.0,1.0
32.1169307352538,754.1932400215214,no,61.824657660568654,3,1,17.869526494448177,0,0.0,4.0,5.0
39.11774906981689,795.394826872583,yes,28.691187232498002,1,0,0.0,1,24.569590928393335,4.0,2.0
46.65386010827339,756.512784737284,yes,3.9961034903124406,97,33,598.0148000339768,1,15.784183662536226,,
29.516631646332428,712.6733700509559,yes,2.384917364194065,43,20,449.8030103872177,1,28.361145079071363,,
38.18131044911911,670.3104659398666,no,4.3888627953755925,43,6,126.36237065265007,1,30.018449814124402,,
33.40072637766771,743.8674320134503,yes,6.845728953505175,10,1,23.50445932139815,1,25.23630564737889,,
33.791058788439884,726.157519815809,yes,1.5868244200127404,155,47,1153.5135619708872,3,175.65910961906326,3.0,2.0
41.037618927844626,875.5163861963397,no,0.6929437007529566,4,1,18.67947742403515,2,116.9452377087771,4.0,2.0
31.67965347102461,645.8415187283329,yes,7.688673045193948,40,9,181.37985675484526,2,30.359197469134024,3.0,3.0
35.91577215382573,723.1048760618124,yes,2.142886842861157,135,40,841.6825201117624,6,290.4690698337548,3.0,2.0
42.063276279164754,800.8371329736268,yes,5.516377736297252,0,0,0.0,1,39.30913582712747,,
31.304570863283445,795.7429026046028,yes,1.9096617415355217,42,11,183.3636472726266,1,27.16634537688694,,
39.28716270887185,788.9673808641704,yes,5.950661033227648,27,9,252.72845197475186,1,18.448747129494606,,
41.09021651429041,702.5504151871872,no,10.20927973231914,3,1,19.672935065525518,0,0.0,,
37.18703120249712,783.3953657593961,yes,8.549583936151203,0,0,0.0,1,48.05053060810846,3.0,2.0
38.588271592296145,670.9699895958613,yes,10.962232148085493,17,2,39.880036288399104,2,69.33409544050343,3.0,2.0
36.04624388185321,780.205134248245,yes,0.824294783576344,45,17,308.3023410785366,3,68.89516075449697,3.0,1.0
35.8673225127267,744.5130268408984,yes,31.82564994109747,206,57,1030.3903292294956,0,0.0,,
36.98910160996799,755.302749189085,yes,6.381375939535929,0,0,0.0,2,88.00423635482912,3.0,3.0
37.60654502000818,752.5017581933719,yes,9.81448496016262,8,0,0.0,2,74.67390202679383,3.0,1.0
38.285131684772644,793.6677049023474,yes,4.371224551332653,1,0,0.0,0,0.0,,
38.373755625906654,753.0513002854358,yes,5.754174845739204,1,0,0.0,1,55.36574048950848,3.0,3.0
34.255330400649484,675.5272019626918,yes,17.346602578822864,44,15,347.8876244700405,0,0.0,,
29.065073091945667,700.558371100993,yes,14.287196475041808,0,0,0.0,0,0.0,3.0,4.0
28.296987158653067,737.0387952768976,yes,15.569170582633864,14,4,92.85459122111003,1,45.18973962717513,3.0,2.0
35.701820008885136,685.4944106576147,yes,11.88939595705701,1,0,0.0,0,0.0,,
36.21492219913525,697.6497128756577,yes,19.885369200969844,1,0,0.0,0,0.0,1.0,1.0
25.186885237240443,648.5054644191405,yes,7.255902148993749,10,6,114.77923906205751,3,149.96096212169402,4.0,4.0
37.992989406637655,828.1865312841775,yes,5.550637189512612,0,0,0.0,1,45.4572927417809,,
27.491190835802865,668.8397874481489,yes,1.1220504995211478,45,16,326.44112213510755,4,128.4019681296652,3.0,4.0
28.47056338469212,728.6548855283223,no,3.1769047570983697,0,0,0.0,1,38.78139529464962,3.0,2.0
35.51861176524271,793.5917246770593,yes,9.022808530501024,37,15,332.94882966277856,1,47.20737080158488,,
29.666111639875474,651.3033853857795,yes,0.9985594327981123,9,4,67.6164807379338,2,49.51161371761829,,
38.02300968329044,754.6823386501251,yes,14.516306103714316,4,1,19.27049096680464,0,0.0,2.0,3.0
35.26016152249011,689.1886531497918,yes,6.206330846444279,19,5,95.4020560847038,1,26.883206170104184,3.0,2.0
27.813023151378438,664.0812613783704,yes,20.042063002027596,0,0,0.0,3,183.62261390823005,3.0,2.0
36.45954457952726,779.104282086136,yes,5.963711443049347,17,2,34.679964807638754,1,33.76915473150508,,
37.04714383432479,791.2257494736189,no,10.913007860002553,39,10,205.23193604200185,2,73.4921562400323,2.0,3.0
26.071381410468312,742.3439043932573,yes,5.873315517232096,0,0,0.0,0,0.0,2.0,2.0
37.455470135010806,758.6360110599534,yes,9.362501758920656,118,34,629.2123724187232,1,12.735279513107413,2.0,2.0
35.12033066103004,768.5040400402941,yes,45.25022016547466,0,0,0.0,0,0.0,3.0,2.0
29.920079529163367,740.3026750809588,yes,8.738820121937952,5,3,56.39066344338371,0,0.0,4.0,3.0
31.704016765521935,699.5761593784606,yes,4.226204849462986,1,0,0.0,2,23.351119598657625,,
31.115536287507354,686.6897128170615,yes,46.03553457705287,1,0,0.0,1,37.811023866732775,,
38.20505994521255,786.4734572188289,yes,10.240355315072046,0,0,0.0,1,51.74730847595786,,
36.74047291336517,716.6320339546722,yes,3.286503681596765,14,3,51.75491382979744,2,128.39914754851156,,
29.034088988631744,665.0013210082309,yes,12.382167524910738,0,0,0.0,0,0.0,4.0,3.0
36.8815740467898,724.8470667143384,yes,14.053164500171997,108,32,595.5453310983565,1,39.514923493082506,,
40.73426181586691,759.832326247626,yes,7.502002706489078,15,4,80.50667423668682,0,0.0,4.0,3.0
41.93611595293197,806.6032793708849,no,4.739285477373901,0,0,0.0,4,128.4300520026006,,
41.610212539221536,728.2561800189308,yes,2.7209289282114195,1,1,23.108022554956467,0,0.0,3.0,3.0
24.115476376292914,658.1702728730597,yes,1.8596650153001835,97,22,502.7817900440391,0,0.0,3.0,2.0
34.96457869910802,750.0121371909307,yes,8.515910153694122,30,11,208.22239485366754,0,0.0,3.0,1.0
35.20906915185227,759.8839279135594,yes,1.2203629022243865,1,0,0.0,1,11.345973011830635,,
41.5123725985342,769.5517627966766,no,4.884680988950702,14,6,135.98297123984483,0,0.0,3.0,1.0
36.19025606277243,642.3766565075174,yes,5.327576085824197,0,0,0.0,1,22.297328186078552,,
37.83414356247974,773.9162460068085,yes,20.15734123144211,19,7,124.44891955425932,1,33.88966087647793,2.0,2.0
34.482800595813586,743.7879090808516,yes,16.104815677973615,4,2,38.936624538267516,1,48.28616811601225,5.0,4.0
40.45676476905896,794.2414128791788,yes,2.0604128294321784,0,0,0.0,3,108.7566044055501,,
42.733887950330505,747.946575063516,no,6.1100760884327405,0,0,0.0,1,34.38614463790966,,
37.69931265898041,736.4247093537593,no,16.02653820763003,4,1,23.8741531630376,0,0.0,3.0,2.0
37.47513789897334,764.5394508470165,yes,4.15321484847581,0,0,0.0,0,0.0,4.0,1.0
27.364072085050374,769.494094937017,yes,44.24244693883961,26,9,211.94331484436677,1,21.636738135141343,3.0,1.0
41.851717861470675,700.6222385474916,yes,8.020184604774151,1,0,0.0,1,15.273660012065104,2.0,1.0
40.47657946830877,747.2263835559053,no,8.065710713040007,4,2,38.41039426986449,0,0.0,,
31.86743602012091,728.7501715062408,yes,1.806713192255555,6,2,50.2841077942094,0,0.0,3.0,3.0
28.818932845744065,767.3198880699081,yes,15.10812134218226,0,0,0.0,0,0.0,3.0,4.0
35.78767450052698,663.4539933682587,yes,5.248917193829632,1,1,16.68132640033451,0,0.0,,
39.60551538749303,703.4308995090703,yes,5.176698872647083,12,2,42.243078861795446,0,0.0,,
43.72681700383516,813.8533725089617,yes,6.2866302316771545,2,0,0.0,2,76.00738488186997,,
35.948202853456856,697.785643279011,no,9.800594970722004,12,4,81.89735914625322,0,0.0,3.0,3.0
34.98346774505904,706.8123555916056,yes,16.80669002578927,0,0,0.0,1,19.220589519075894,,
34.63794509328461,812.3950928742107,yes,8.676494125430603,32,11,206.43128053091633,4,94.98493938204278,2.0,3.0
36.53938463020236,698.4133651610708,yes,3.006680930670022,7,2,36.61290841521496,2,143.6559167025312,2.0,1.0
26.43110252136003,772.5349603175921,yes,3.477364149723079,0,0,0.0,0,0.0,4.0,3.0
35.80215468571194,774.1831396632133,no,32.9508497091344,20,7,151.60071067263087,1,32.696799397849425,,
33.99983581797221,723.5384977888546,yes,1.7181838513411711,100,36,675.1727793352359,3,96.3515017196603,3.0,2.0
27.920068533976682,706.2386331937997,no,23.927189660731006,8,5,108.08193834487192,1,74.05670980874524,3.0,2.0
34.48992732842948,784.630234594336,yes,4.5490088464652825,0,0,0.0,1,23.9225969531637,5.0,3.0
42.78924341870396,754.8873813146645,yes,12.567881225662877,95,36,687.5029847852117,0,0.0,,
31.68396100105245,737.2415333249116,yes,3.9811486493331505,0,0,0.0,2,148.3838284790202,2.0,2.0
37.29909026904087,689.2583616565778,no,18.305253842065515,12,4,73.77699358247173,1,19.235203640279956,,
28.981444197218725,666.7231173802077,yes,2.615733748824249,23,7,168.29222032230822,3,95.33124128723908,3.0,1.0
41.91060609004137,735.6107478560452,yes,5.3537915649694865,0,0,0.0,4,281.97439532471657,4.0,4.0
23.94155618842681,661.6224804925192,yes,6.627934207062649,3,1,23.20736394739327,1,28.80781809833329,2.0,1.0
41.26426623430993,680.0934559232421,no,7.7865768263171145,2,2,42.82650644051899,0,0.0,4.0,3.0
34.84654607105564,779.862595401078,yes,8.116901698986597,2,0,0.0,1,27.095890819193322,,
35.683639460178206,786.4165105791855,yes,35.182601350804084,59,22,389.9916884391384,0,0.0,,
33.369860049493575,674.0694213722036,no,4.902397097826491,8,4,72.10676750085824,0,0.0,4.0,2.0
37.05042488249869,736.5351288394081,yes,4.6345012328147535,4,1,18.776528451961653,2,57.52139553619872,,
39.144452706944485,748.5283189286178,no,2.793136857174335,0,0,0.0,3,75.45196437067297,2.0,1.0
37.61524274150753,789.776444750278,no,2.1118163539657595,17,4,67.46412603129187,1,18.93682943244105,,
33.97880303758046,634.3433944253243,yes,4.3738194788433855,0,0,0.0,1,48.6986869772067,,
31.892081668804465,686.0457920265397,no,12.527147738743567,4,0,0.0,1,33.650626282818465,4.0,3.0
49.76414987251147,755.7293482548599,no,3.185013978985881,0,0,0.0,1,49.72207141414279,,
39.10761711065223,543.6731760833702,yes,2.447799802807021,12,3,64.77585888994518,3,218.29682270904397,4.0,3.0
41.39016029752484,849.170698541566,yes,1.42888433620858,54,23,470.6250773811326,3,91.16857830188968,,
30.586929601309222,594.5902980787406,yes,19.47408873425889,0,0,0.0,0,0.0,4.0,2.0
42.10163536411541,707.9186525311426,yes,2.2176320121670328,11,6,123.74507770091438,3,49.95671604816206,,
33.52518037867126,668.4378694061797,yes,6.827924812582881,1,0,0.0,0,0.0,4.0,3.0
35.0315873407247,747.7672093486542,no,18.38062694346756,2,0,0.0,1,11.935924411310793,,
39.491331186833825,745.0828843701677,yes,3.3130020240970453,44,16,297.949034224571,1,57.75863027496448,3.0,1.0
31.081858420832166,649.8718585117596,yes,12.001257852688857,0,0,0.0,4,71.34903798595279,3.0,2.0
35.7860902525272,701.8901147474758,yes,13.851277991980586,3,0,0.0,2,54.3639705170517,,
31.734916763136532,687.8103110814868,yes,8.445442284948522,42,12,208.7563436259628,0,0.0,4.0,3.0
31.218439828185325,750.2113841237004,yes,110.53147959691641,334,103,2367.2627356167973,0,0.0,5.0,5.0
37.956011428617614,841.3882024589157,yes,22.46156983201541,2,0,0.0,2,50.7189760258701,,
37.10284653330304,732.8969734576312,yes,2.7286878549362474,4,2,36.729289139043566,1,37.875542088653496,4.0,3.0
37.067606002999206,674.614305721398,yes,3.8161998307552882,4,0,0.0,0,0.0,,
40.65467470536067,791.4688746403425,no,4.461411626250657,3,1,19.631600021192323,2,82.77899509735254,3.0,3.0
27.556737038368233,682.0774734847583,yes,2.7714415570411477,1,0,0.0,0,0.0,3.0,2.0
39.14698508717785,716.1931679536038,yes,5.456962951687211,71,20,363.275545459682,0,0.0,,
29.96778638994773,781.5547867065628,yes,11.05706912441561,75,21,411.66839739161014,0,0.0,,
25.50180010821354,732.3669432289274,no,1.0765057615899867,109,32,630.5813537346196,5,108.97833918072143,2.0,2.0
33.495740574929464,752.6452842364786,yes,5.117834556481174,362,99,1946.5456321445893,1,39.73949116449307,4.0,2.0
29.546348885320267,636.9843364443145,yes,6.2903833129023345,0,0,0.0,2,64.51619015970142,3.0,2.0
37.19170930077137,748.0083955166821,yes,13.550645010393154,93,29,604.4694998842658,0,0.0,,
32.04463958898371,667.0885822763639,yes,5.221908340644176,0,0,0.0,2,72.95044614792381,2.0,1.0
33.69397705656496,730.5435511840984,no,0.9284111790803703,3,0,0.0,1,26.16878485659137,,
27.81420205972399,647.38346281437,yes,0.7618050004352839,1,0,0.0,4,170.01242588365795,2.0,1.0
41.86090594435679,761.3537403816806,yes,0.8355795968475703,0,0,0.0,9,417.3249893443236,,
38.626491462674934,816.3318444275421,yes,32.49658802006103,13,4,74.6240106942802,0,0.0,3.0,2.0
37.66068262517286,698.6489681016969,yes,1.8453001952876755,13,3,66.80411996721315,1,43.6267010197119,,
34.61108251035625,711.5013500246562,yes,10.520713672379756,0,0,0.0,0,0.0,3.0,2.0
36.48456414634398,710.3979688454712,yes,5.047760673599343,108,36,835.6053346886489,1,28.659262554801682,3.0,2.0
33.38552603363294,706.6237299750578,yes,7.027520783194019,0,0,0.0,1,27.93005996231282,,
38.780683381150254,747.2201386908379,no,19.674402326597654,0,0,0.0,1,33.43163025975451,3.0,2.0
36.46070670880713,788.6260776418214,yes,122.03729597701556,3,0,0.0,0,0.0,4.0,3.0
31.629834668101168,759.8891437400224,yes,17.470661945522163,11,1,20.873009017821182,0,0.0,3.0,3.0
36.18598161228521,705.3224879967573,yes,40.291931044708726,40,12,243.172914503119,0,0.0,,
38.13797032124043,731.7356141989505,yes,4.949197854456983,11,0,0.0,1,39.096802218341004,4.0,3.0
44.67631820772823,767.2594900781532,yes,15.285325480538756,0,0,0.0,0,0.0,,
33.536202351289646,762.2103859605794,yes,5.731552454773607,4,1,18.1295862500644,0,0.0,4.0,3.0
42.04683796420714,732.3597341681855,yes,21.504862326764027,0,0,0.0,1,51.73179614685196,,
33.24544614119583,648.3078665224419,no,2.1558230219322323,0,0,0.0,2,62.000703045535765,,
33.12224033189519,683.5726287161732,yes,1.5983881678059844,138,41,951.571137664897,1,32.88678343605248,4.0,3.0
32.32582613288964,711.873546025379,no,7.573671013022143,0,0,0.0,4,113.86144566384782,,
30.41797234339459,713.3971069947073,yes,2.2494272015369323,2,0,0.0,0,0.0,2.0,2.0
32.73974933560908,716.5779794071775,no,78.36284654435724,0,0,0.0,0,0.0,,
33.055535251451225,729.4903343477632,yes,3.356421728063307,26,8,195.6855825161822,2,62.4086772617218,,
38.47388406472711,753.2993545164154,yes,6.2919490857668885,13,3,59.374088647785754,1,94.58083345186844,2.0,2.0
36.00384764255096,612.7333395190358,no,0.5144069962343667,0,0,0.0,7,146.8067450093262,3.0,3.0
28.429115572320516,675.6788705038873,yes,2.7282081383520276,20,5,89.71891091955833,0,0.0,,
30.792951027290005,732.6219335852347,yes,2.1372312824334356,17,7,121.54562556171328,3,57.718313112905136,,
43.732855081832135,709.4848966407319,no,606.3351477346507,1,0,0.0,1,47.70667615131196,3.0,2.0
38.13283541641093,754.95658665515,yes,2.292827536871132,5,3,55.65656731980452,2,86.82952218324685,,
37.33544491609255,829.791745196104,yes,9.007255813841812,0,0,0.0,1,80.46073030392208,,
39.21384634237424,679.6832339863034,yes,18.08018975319811,7,0,0.0,1,44.21094068233146,,
41.87096055121057,736.667630326272,yes,9.28812396626731,2,0,0.0,1,23.92772338159846,,
32.482945245644466,739.6971604176593,yes,16.645615807435302,19,8,175.82407389929907,1,22.07467199549448,3.0,4.0
40.53017288628357,721.6153549632436,yes,4.579027324512931,6,2,39.35656168715499,2,52.404117845864405,4.0,2.0
30.811737274504594,724.2772769382698,no,25.899542783414436,39,15,376.9634651756353,1,20.53172214202871,3.0,3.0
31.708134489144737,744.2203142683542,yes,0.8507818690440351,0,0,0.0,2,37.79518011533743,3.0,3.0
38.695261436644856,660.8573254653147,yes,22.207391283819575,1,0,0.0,0,0.0,3.0,1.0
36.2275390806404,723.4283760455329,yes,9.934680806317612,11,1,19.61238488379262,5,256.31990239658177,4.0,4.0
37.805396300360016,733.4798883512726,yes,5.678596809188166,0,0,0.0,2,48.82520791803639,3.0,1.0
32.22833496138171,743.6957266513409,no,24.316031566605982,11,4,75.22042131653069,0,0.0,2.0,2.0
32.464739233475576,630.2113956526082,yes,14.76433140281903,9,2,38.07832478734381,0,0.0,3.0,2.0
39.531865327959665,802.38231693668,yes,5.520278308790236,1,0,0.0,0,0.0,,
36.91286672370982,712.3735814406608,no,4.903734711606964,10,1,24.175473791266242,0,0.0,,
28.488694783543647,723.5403787073667,yes,1.6342304825523655,45,9,155.21695334207078,1,24.36374197124114,2.0,1.0
37.8603728797238,718.4768284424283,yes,4.957265477326029,10,3,62.778582201748165,1,26.14792814047808,3.0,3.0
28.02954950174624,565.7740897445168,yes,26.754532650204276,35,11,189.5025472636667,2,32.80232750353556,4.0,3.0
32.39457764800839,762.593977913298,no,4.6280699472655575,0,0,0.0,2,41.579241796733996,2.0,2.0
33.10735834322371,740.1275320375455,yes,130.31044486111375,17,4,72.76822145846717,1,18.03267164215022,,
28.600890988406782,660.7854885022272,yes,22.03082978112061,118,38,878.3676889622388,0,0.0,,
35.369768000223715,743.3436656874085,yes,8.007702131388339,4,1,20.62359005885458,2,84.60193281365811,,
33.93358087173855,723.8896425246953,yes,8.08522329385736,85,21,414.2484575270585,1,34.102210962731526,,
32.592795687314506,725.4164365547084,yes,4.366289130589211,94,24,373.6908802810193,4,175.77293061321933,2.0,1.0
38.805998689384275,726.3389434838388,yes,2.4773534653319835,6,3,52.117868970648274,0,0.0,,
28.81542051843857,679.6369282252236,yes,18.230261740188816,118,31,563.9107469781666,2,92.89386910370261,3.0,2.0
33.0757054236501,728.8086035389853,yes,1.1030046914576626,265,94,2025.565662125247,2,83.84327561404373,5.0,4.0
34.47746251681641,763.4122175628091,yes,21.559981618515447,6,2,37.4617359205693,0,0.0,4.0,1.0
33.9239632378798,717.3191896835312,yes,1.6776970923145746,146,39,773.8449861352301,1,35.50341741781899,2.0,1.0
29.496056619701328,612.997807653931,yes,1.796919912786478,3,1,18.67871634646425,1,45.27603768628451,,
32.83328736881065,676.4194807195336,yes,87.15627018306971,21,5,95.84136741283325,0,0.0,2.0,2.0
33.11699133560967,691.8810179951771,no,8.64679724705973,0,0,0.0,1,31.013439278528114,4.0,2.0
40.3440706367644,716.158477858207,yes,5.553515837813348,1,0,0.0,2,227.457894874023,2.0,2.0
37.647477653898946,718.3805559701428,yes,38.01775112224922,5,1,19.20775351478016,1,34.42349394213741,4.0,3.0
40.5486934469467,830.2070492723387,no,20.03521408021406,5,2,36.859143888656355,1,21.985451861844947,3.0,2.0
35.00996829294469,758.8355830493983,yes,15.365804418821567,3,0,0.0,1,35.53169333442688,,
36.78784915867161,764.0481360034818,yes,15.147454975343651,0,0,0.0,1,36.465086833195095,,
32.95344312715621,717.3122698069415,no,1.353925531016429,23,5,98.5242961859635,0,0.0,,
43.75550223070731,771.2045909335424,yes,28.86805984635319,11,3,53.484575941063895,1,44.26950954113598,4.0,3.0
40.19392472983422,801.995708011534,yes,18.738029450241903,18,7,135.27826475528093,0,0.0,3.0,3.0
39.43466560282379,757.8996364574792,yes,7.0408582590740645,0,0,0.0,0,0.0,,
34.59680039457511,630.5539749314846,yes,9.052880502143063,0,0,0.0,2,76.85860040197508,3.0,4.0
38.45589474097237,705.0902695811244,yes,12.587633540592483,21,8,166.57843687130136,1,8.859674798020402,4.0,5.0
35.037039924012554,798.689322887868,yes,21.817678310522815,49,12,244.19956421040837,2,76.24889471480795,,
40.60039896420274,777.3202796457405,yes,3.31913211297807,195,63,1289.5160202404861,2,83.9287490468761,,
34.912268363199026,731.6629236885128,yes,0.49738081573448195,3,0,0.0,3,63.846186291913384,4.0,4.0
36.660292620456055,640.1151738333931,yes,4.131510313086119,0,0,0.0,0,0.0,3.0,3.0
39.1854663621355,789.541475980789,yes,1.161761096485057,0,0,0.0,4,79.2056986215732,3.0,3.0
37.676897253802025,739.8280515881363,no,2.713675018773564,10,4,69.2603046209034,2,72.80242065958849,2.0,1.0
33.28390595702129,766.3344797966294,no,10.519588662173886,0,0,0.0,4,143.27726717923025,,
40.85726553905061,669.8884848327866,no,51.4391441894023,0,0,0.0,1,30.350109999794643,3.0,3.0
41.748805379397524,742.962261363771,yes,5.276217813445632,83,23,446.69449693684993,1,45.679952377086884,,
30.18782152031288,733.0258472469349,yes,17.184891251512678,0,0,0.0,1,43.32429534837586,3.0,3.0
27.878282833246004,667.1427308843881,yes,5.242224088359536,1,1,21.304194395463544,1,25.24755195815295,3.0,3.0
36.55605422219661,691.920463229823,no,17.23087104664834,0,0,0.0,1,43.29732042842455,,
44.12514108792569,820.0114925552745,yes,3.202865684737405,15,6,127.27957406667404,2,52.3508072477335,,
28.70971710121472,698.9787125771376,yes,3.482945440794902,404,128,2296.4987668092167,2,61.14861221711406,4.0,2.0
40.6819143248104,703.333724512145,no,121.0560422499114,0,0,0.0,0,0.0,,
40.40055957305864,679.2110989043634,yes,25.895844089333572,0,0,0.0,1,24.216883484962754,4.0,2.0
32.08076203454475,853.7334904596837,yes,0.9370450335345846,2,0,0.0,1,22.452124014090934,2.0,1.0
33.361135394705634,705.809092682474,yes,6.427447362363675,40,12,210.01356203536844,2,93.71215291777868,,
24.357707872482493,685.4776651940567,no,1.2110997904807068,16,4,75.05285919738344,3,89.63113411453051,,
45.6268152888903,795.0942098984881,no,2.449293638092158,12,4,98.97129944468642,4,129.81166497878203,,
36.56998998789701,730.851006560424,yes,12.468636291230448,0,0,0.0,3,78.52883736056255,,
36.873655530263164,734.002018747816,yes,12.406503353893573,1,0,0.0,1,38.29831088339106,2.0,1.0
32.20902374834658,679.4571107810798,yes,0.7445448658048426,106,41,879.1798919442404,3,54.38100373529406,2.0,2.0
39.46649253686943,801.0204219203117,yes,2.7278539668681625,19,7,136.41487533300696,1,28.439887530602718,2.0,2.0
37.2414084315439,790.3255217622172,no,1.9737707731450662,4,1,20.701858488372952,3,126.97945349964698,3.0,2.0
34.673509178376285,734.6477814814913,yes,1.1124023360524415,2,0,0.0,5,211.6098770096163,2.0,1.0
36.25367398906701,710.1573090401514,yes,2.766559789229674,9,6,141.97470266882559,2,51.973169924541146,3.0,2.0
33.6489537487314,707.7304442903319,no,8.018584646881918,1,0,0.0,1,19.72068739325765,,
30.932763264162716,699.4115670430072,yes,17.08686350596424,51,15,283.9684534966029,1,34.30563838020674,,
36.23227182463024,787.6523650062427,yes,13.525369065828242,30,5,108.19572568301666,0,0.0,4.0,3.0
30.286871141942374,723.4302125583574,yes,13.402309071793725,36,7,154.1435973209363,1,19.0062814415517,2.0,4.0
32.672063781010436,749.3401100364122,no,4.765897418874616,1,1,17.225685554754023,1,15.083963755339605,4.0,2.0
37.960118125036715,709.5975667894255,yes,10.029982366851117,0,0,0.0,1,22.68312882375248,,
31.28910452869485,671.2002470503954,yes,0.3625671156968814,186,65,1241.8646865161827,3,142.34117920391816,3.0,2.0
33.48004887592055,738.9274941540084,yes,23.725561308954102,28,8,164.54743395241275,0,0.0,,
27.76555664898631,709.7341638011147,yes,15.663315912289228,72,21,404.99060976170614,0,0.0,3.0,3.0
34.299867334342245,790.0348703802749,no,10.185564104503218,3,0,0.0,5,249.91283273962927,4.0,3.0
40.358135642778244,758.5645604785784,yes,13.913977402391529,0,0,0.0,7,175.14569563560664,2.0,1.0
34.213171831805695,670.9170044257427,yes,11.106405717789931,77,21,481.9495342899051,1,32.90776803667546,2.0,1.0
36.41541421437925,712.9985449185241,no,19.40733537488209,0,0,0.0,4,154.61774909053244,3.0,3.0
29.985841656827724,691.5098550973257,yes,9.718718606916287,151,51,1134.0534284947407,1,16.083528585413568,2.0,3.0
32.191009715023554,631.1498394148069,no,17.243030070982105,1,0,0.0,3,55.49472488001393,,
33.32199990208333,802.9003209499074,yes,7.924335229645013,44,15,268.83693574799696,2,91.56910469036562,,
40.739733238311075,755.6125153255389,no,11.401222019829344,13,1,21.74904945162017,2,81.72719206813211,4.0,3.0
36.34634421116402,821.8243629069631,yes,5.043628698800838,15,5,101.78550403727974,1,84.72374669131085,1.0,2.0
34.27401498795906,765.9120258577781,yes,0.6210576311740248,19,3,57.75175689003653,8,164.8406375825243,4.0,3.0
37.74566541570649,691.146234044866,no,42.00249030462471,4,1,18.702759097107194,0,0.0,,
33.821315822237985,782.8937503017379,yes,9.082695285916392,0,0,0.0,1,43.42390970689403,,
36.79754944868934,777.1259923746554,yes,35.15684514719619,0,0,0.0,0,0.0,4.0,3.0
26.87811985478281,731.9726022334676,yes,6.602426794300546,6,1,19.308887262723758,2,53.689999180812684,,
39.39927870535084,802.5020515402932,no,31.889737230660355,57,20,487.22925949746417,1,47.02462627841295,,
30.26507943912783,666.4974827907878,yes,10.056031020478745,7,3,57.760516373975264,0,0.0,,
31.84490022178478,704.1728108306064,no,2.1729468418749316,6,2,45.74197364182391,2,88.38359264034197,2.0,2.0
29.067732689135212,662.0843201339059,yes,1.2012911502253354,12,3,56.970036642989044,1,35.07193413851343,3.0,4.0
33.761574694729596,767.0887935709511,yes,20.651936084395437,50,20,468.6367204620496,1,21.923485939006927,,
30.113295970072365,669.0424640742593,yes,29.26157783919242,36,10,167.2800837761353,0,0.0,,
41.11120643936507,785.8516840449472,yes,4.17748705815233,110,25,496.0631292261725,1,43.291570458500296,,
31.761846866263152,696.7389289741274,yes,26.625112827790296,0,0,0.0,1,56.62004178194755,2.0,2.0
35.147332559450426,713.9792924886669,yes,4.927923478129562,3,1,19.338639979469928,2,44.82299974210525,3.0,3.0
37.09165454876809,790.0809683473981,yes,2.233298787279312,0,0,0.0,2,57.712784759804165,3.0,4.0
41.39463183237321,704.7386363274586,yes,86.78930713591474,58,15,307.77695910858085,0,0.0,2.0,3.0
37.57659161865688,698.7654369331184,yes,11.230600626325813,20,9,175.2828330314962,0,0.0,5.0,4.0
41.6552125428457,758.7172032722494,yes,1.9683019315702799,8,1,16.289071981095407,1,24.731038753203702,3.0,1.0
36.102899467102375,718.5249616953519,yes,0.1760802352200813,15,5,71.04500619136071,8,317.7953436265939,5.0,4.0
34.67981814153315,714.7387714903239,yes,49.9190655750646,82,23,452.1771363350178,1,53.38971728206938,3.0,3.0
29.59284293441793,706.3742958074193,yes,17.156310562351585,0,0,0.0,1,25.428158140257707,3.0,2.0
37.46185262737373,736.8984125469487,yes,7.537247219668636,95,22,507.3536068175585,1,28.58431898218153,,
40.428793144805084,777.4405666875409,yes,34.353835110338274,9,3,60.277762576709776,0,0.0,,
38.89143934561485,829.3079983802306,no,4.0272805993970175,0,0,0.0,0,0.0,3.0,1.0
42.2387592122809,748.0336074768463,yes,16.50077505462494,13,2,40.1407163960497,3,60.018427183148646,2.0,2.0
38.44660568244128,813.3334536078222,yes,33.70017094219529,6,1,18.493952250748766,1,49.19869349125704,4.0,2.0
36.93179992408843,745.0429489275315,yes,0.9829763815912166,47,16,292.8175211341494,1,33.17296479885576,4.0,2.0
36.57681323994454,783.0840738499686,yes,69.93520102837408,36,13,274.31195208417176,0,0.0,3.0,2.0
34.481601937057334,647.6304267638903,no,30.807134750897745,2,2,36.351671818355435,1,41.670927459721995,2.0,1.0
31.694686797191054,739.9353218669595,yes,162.47843666605505,99,32,772.3530815042488,0,0.0,,
36.74910550990081,726.9422067436028,yes,22.372868255519407,1,0,0.0,0,0.0,2.0,2.0
34.04024283334193,669.8149943369152,no,2.6254503016662576,0,0,0.0,4,136.569534433385,3.0,2.0
36.20490188782668,698.5015959879702,no,1.3857163628143396,3,1,18.688361430393144,0,0.0,2.0,1.0
32.48501165056669,692.4565244916857,yes,20.7427968985966,33,16,322.4476546219143,2,157.5701619596731,3.0,3.0
42.2337366167738,813.2530865487391,yes,71.66456360311712,90,28,560.1067947343947,0,0.0,,
27.891571276169564,706.8468314298888,yes,18.98334736857381,2,1,21.954216848058827,1,32.478184300188275,3.0,3.0
29.580983984425373,755.3086812152735,no,139.22530135383266,94,25,572.8588422218286,1,45.73590052868734,4.0,2.0
31.85759254265618,718.6874200126956,yes,3.9559897119021272,17,3,66.4947823525728,3,59.23778167681044,,
41.079247908202206,795.9826154541174,yes,8.635626569020555,218,62,1284.097934924583,1,15.870793052177913,,
37.72256745433712,684.9524250636806,yes,61.518647696613655,0,0,0.0,0,0.0,,
35.82249924990579,710.809126100783,yes,0.7028562578854348,42,10,218.96484197215725,3,74.73977064880864,4.0,3.0
34.53268190194072,695.452493351736,no,15.677816710366049,54,10,167.91521245478944,0,0.0,4.0,2.0
34.973334985721145,678.612890148645,yes,2.4569334710661765,5,2,38.09432878163985,1,45.18213373974449,,
27.925642547184566,711.9748510735617,yes,12.751462306431707,8,3,63.48136662958147,0,0.0,,
41.5334724183943,777.740768599173,no,154.2589078702803,0,0,0.0,1,43.468631368791755,,
29.42595422568032,725.1803579557917,yes,1.5315037624923424,85,27,598.7170430519167,3,163.67735765953307,4.0,3.0
31.134538014353833,659.1617535216079,yes,12.72789596400753,1,0,0.0,2,53.84560815702742,3.0,3.0
35.806546026136125,744.9391585904153,yes,1.788097731722254,165,57,979.5478061392708,3,132.51996019877873,,
36.88477429890281,745.2631771776886,yes,14.230599415590447,9,1,22.989807278834686,0,0.0,2.0,1.0
36.260258379676955,722.3023661835762,yes,8.423044269806612,1,0,0.0,0,0.0,,
31.08502035646496,721.0231182567416,yes,22.68326155726336,276,85,1611.0515435294474,0,0.0,,
27.497167680501974,691.3031769278027,yes,29.108337150982575,0,0,0.0,2,116.5406746278278,3.0,3.0
35.29347800048411,767.7009214491945,yes,1.984269968035696,29,12,198.94949021577975,3,78.56997876623709,1.0,1.0
33.13532570205196,755.3339499101396,yes,1.4089395881537758,0,0,0.0,1,18.54808983675284,5.0,3.0
29.59935616197125,733.7039079616637,no,22.866117102143765,17,2,41.80596348155443,1,17.430070227872072,4.0,3.0
33.510774622959694,679.3780772431767,yes,2.655762275104125,88,22,411.0809351085013,1,53.03398486963582,,
35.020389323145395,770.2153498924037,no,23.18444756111861,0,0,0.0,1,25.023959381193368,4.0,3.0
34.76315845271726,659.473422141231,yes,1.695007926856151,206,56,1094.830808738343,2,73.71573808706239,4.0,2.0
40.96836003605605,814.6232731749303,yes,8.228032127185918,33,14,267.5989052716086,4,123.33104697553236,,
31.78788814620707,742.3701526047961,yes,5.64550045538769,164,49,1066.9067530855782,1,34.822907403792996,3.0,2.0
44.017530548410235,726.2978467568084,yes,4.674035607658186,18,6,129.9469060456637,0,0.0,4.0,4.0
37.60154046368781,739.7788846193447,yes,5.990737528418725,3,1,18.920443563540076,2,55.70255976398812,,
45.36892521574373,816.0630099090068,yes,8.843624996877445,6,2,42.36883445072088,3,111.15932595606205,2.0,1.0
30.913543892078067,723.8295828643095,yes,9.187886717662911,0,0,0.0,0,0.0,3.0,2.0
37.46295322463127,742.6032035691206,yes,15.978041270336297,28,9,182.23101024732495,0,0.0,,
33.44412069352827,593.5057250419578,no,10.802251401838609,89,24,497.9586241278365,1,50.98570652396726,,
36.20521570236445,711.9622827177327,no,15.387920528073714,2,0,0.0,2,100.16940885969873,3.0,3.0
33.81439270476328,758.6733740320469,yes,55.74350198843321,20,7,159.36887313733007,0,0.0,2.0,2.0
31.099677735037503,789.6870565214307,no,4.8371733077052035,2,0,0.0,2,69.18968356356669,,
22.643324004492875,542.5876106107951,yes,1.033140521573865,0,0,0.0,2,98.59302334412018,2.0,2.0
39.12636039530663,711.5421921260081,yes,72.5536755654456,32,5,102.66798855919289,0,0.0,,
38.04804599481908,740.5384126747482,yes,4.24419610114451,7,2,38.49756416589879,2,78.60100606636009,,
